brand,product_code
"1001 Delights (Lidl), Envia, Lidl, Milbona, Milbona (Lidl)",1
"1540 Vestby, Norwegen, Oluf Lorentzen AS, Toveien 22, Mutti",1
"166, 43122 Parma - Italy, Barilla, Barilla - Barilla G. e R. Fratelli - Società per Azioni - Via Mantova, 166 Barilla",1
1664,1
"1664 Blonde, Kronenbourg",1
2 KEEP NATURAL BITES,1
2025,1
"25l, Red Bull, Zero 0, RedBull",1
2KEEP,1
2keep,1
"3D's Bugles, BENENUTS, LAYS, Lay's",1
"3D's Bugles, BENENUTS, LAYS, PepsiCo",1
7 DAYS,1
7 up,1
7up,1
8dh,1
A.Vogel,1
"A.Vogel, Bioforce",1
ACCRO,1
ACENTINO,1
ACTION,1
ACTIVIA,1
AFIA,2
AGIDRA,1
AL ITKANE,1
"ALDI Alpenmark, Alpenmark, Hofburger, ALDI",1
ALHORRA,1
ALPRO,2
AM/63,1
ANDROS,1
AQUAFINA,1
ARIZONA,1
ARLA,1
"ARVID NORDQUIST NORGE AS, ARVID",1
ASDA,2
"AUCHAN, Auchan Bio",1
"Aachener Zucker und Backwaren Paul Schaeffer, Favorina, Lidl",1
"Aachener Zucker- und Backwaren Paul Schaeffer, Lidl, Sondey",1
Abram Lyle & Sons,1
"Abram Lyle & Sons, Lyle, Tate and Lyle",1
Abram Lyle & sons,1
Accro,2
Ace,1
"Acecrem Srl, Acentino, Acetaia Giuseppe Cremonini Srl",1
Acentino,1
Acti Leaf,2
Actileaf,2
"Actimel, Danone",1
"Actimel, danone",1
Action,1
"Activa, Danone",1
Activia,3
Activia Gut Health,1
"Activia, Activia 0%, Danone",1
"Activia, Activia yoghurt cereals/fibres, Danone",3
"Activia, Activia yoghurt flavours, Danone",1
"Activia, Activia yoghurt fruits, Danone",1
"Activia, Activia yoghurt nature, Danone",4
"Activia, Danone",1
"Activia,Danone",1
Aerzener,1
After Eight,1
"Agidra,Savino",1
"Agir Carrefour, Carrefour, Carrefour City",1
Aicha,9
Aiguebelle,19
Ain Soltane,1
Ain atlas,1
Ain ifrane,1
Ainsley Harriott,1
Aknaz,3
Al Boustane,3
Al janoub,1
Al'Fez,1
Al'fez,1
Alara,1
Alaska,1
Albalact,1
Albane,3
"Albane, Best Milk",1
"Alcafé, Whole Earth",1
Aldi,65
Aldi Bramwells,1
Aldi Cucina,1
Aldi Everyday Essentials,1
Aldi Savoury Bakes,1
Aldi Specially Selected,1
"Aldi, ALDI MOSER ROTH, Moser Roth",1
"Aldi, Asia Specialities",1
"Aldi, Bayernland, Hofburger",1
"Aldi, Bramwells",2
"Aldi, Golden Bridge",1
"Aldi, Goldähren, Lieken",1
"Aldi, Karwendel, Milsani",1
"Aldi, Milsani, 09 x Aldi 09.25",1
"Aldi, Milsani, Milsani Aldi",1
"Aldi, Milsani, Molkerei Gropper",1
"Aldi, Petit pré",1
"Aldi, Simplement Bon Et Bio",1
"Aldi, Simplement Bon et Bio",1
"Aldi, Specially Selected",2
"Aldi, Summa",1
"Aldi, Süssli",1
"Aldi, The Deli",1
"Aldi,ALDI Moser Roth,Moser Roth",1
"Aldi,Acti Leaf",1
"Aldi,Asia Specialities",1
"Aldi,Brooklea",1
"Aldi,Choceur,WIHA",1
"Aldi,Cowbelle",2
"Aldi,Harvest Morn",1
"Aldi,Merevale",1
"Aldi,Milsani",1
"Aldi,Moser Roth",1
"Aldi,Specially Selected",2
"Aldi,The Pantry,The Foodie Market",1
"Aldi,Village Bakery",1
Aldi- emporium,1
Aldi/Actileaf,1
Aldo,1
Alesto,44
"Alesto ( Lidl ), Lidl",1
Alesto - Lidl,1
Alesto Lidl,1
Alesto Selection,1
"Alesto, 12 x Lidl 10.25",1
"Alesto, LIDL",2
"Alesto, Lidl",7
"Alesto, Lidl, Lidl Alesto",1
"Alesto,LIDL",1
"Alesto,LIDL Alesto",1
"Alesto,Lidl",2
"Alesto,Lidl,Finch",1
AlestoLidl,1
Aleyna,2
"Alfredo,Lidl,Trattoria - Alfredo",1
Alimani,3
Alitey,2
Alitkane,1
Alka,1
"Allergo, Gerblé, Look",1
Allinson's,4
Allinson’s,1
"Allos Hof-Manufaktur GmbH, Whole Earth",1
Almette,4
"Almette,Hochland",2
Alnatura,2
"Alnatura, Alnatura GmbH",5
Aloi,2
Alpen,3
"Alpen, Weetabix",1
Alpenhain,1
Alpina,1
Alpina Savoie,1
"Alpina, Alpina Savoie",1
Alpro,40
"Alpro, DANONE AS",1
"Alpro, Danone",2
"Alpro,Danone",1
Alsa,9
"Alsa,Unilever",1
Alsan,1
"Alsy, Valblanc",1
Alter Eco,13
"Altho, brets",1
"Altmühltaler Quelle, Altmühltaler Quelle (Aldi Süd), Aqua Culinaris, Quellbrunn, Milbona",1
Alvalle,4
"Alvalle, PepsiCo",1
"Alvalle, Pepsico",1
Al’fez,1
"AmanieNord Fresh, Lidl",1
Ambrosia,3
Amora,33
"Amora, Croq'Vert",1
"Amora, Ra",1
"Amora, Unilever",4
Amoy,4
"Amoy,Alifoods",1
Anchor,5
Andechser,1
Andros,29
"Andros, Andros Gourmand & Végétal",1
Anitin,1
Anitines,1
Anitín,1
Antarctica,1
Antonio Álvarez,1
Antésite,1
"Antésite, Noirot",1
Aoste,1
Aperitivos company,1
"Aperol, San Giovanni",1
Appel,1
Appletiser,1
Appletiser (Coca-Cola),1
Appletizer,1
Aqua Carpatica,1
"Aqua culinaris, Hansa-Heemann AG, Quellbrunn, Sixpack Aqua Aldi, Quellenbrunn",1
Aquafina,2
Aquarius,1
"Aquarius, The Coca-Cola Company",2
"Aquarius,The Coca-Cola Company",1
"Aquarius,The CocaCola Company",1
Arborea,1
Arla,21
Arla Cravendale,1
Arla Foods,1
Arla Protein,1
"Arla, Buko",1
"Arla,Buko",1
Armor Délices,1
Aroy-D,1
Artesto,1
Artiach,3
"Arvid Nordquist Norge AS, Schär",1
Asda,37
Asda Extra Special,2
Asia Specialities,1
Aspall,1
Assylor,2
"Asta,Café",1
Atlantic,1
Auchan,8
Auchan Bio,1
"Auchan, Auchan Bio",4
"Auchan, Auchan Gourmet",3
"Auchan, Santé",1
"August Töpfer &amp; Co., Belbake",1
Augustiner-Bräu,1
Auto Extreme,1
"Avery Island LA, McIhenny Company, Tabasco",1
Ayala,1
Ayam,1
Azura,3
"Azura, Disma International",1
Aïcha,3
"Aïcha,Extra",2
Aïn Atlas,1
Aïn Saïs,1
Aïn lfrane,1
B&S,1
"BABYBEL, Mini babybel",1
BADOIT,1
BAHIA,1
BARGOU,1
"BARILLA NORGE ASbarilla,Barilla",1
BE KIND,1
BE-KIND,1
BEAR,2
BECEL,1
BECKY'S,1
BELIN,1
BEN'S,1
BEN'S ORIGINAL,1
"BENENUTS, Plaisir brut",1
BEYOND BURGER,1
BIO U,1
BIRRA PERONI,1
BJORG,1
BJORG BIO NUTRI +,1
BN,9
BODYMASS,1
BODYMASS NUTION,1
BOL,6
BON Gelati,1
BRESSO,1
BRIOCHE PASQUIER,1
BRUNCH,1
Babybel,4
"Babybel, Bel",1
"Babybel, Mini babybel",1
"Babybel,Bel",1
"Babybel,Mini babybel",1
Bachman,1
Bad Reichenhaller,1
Badoit,6
Bahia,1
Bahlsen,3
"Bahlsen, Brandt",1
"Bahlsen,Leibniz",1
Baileys,2
Baker Street,1
Bakery Co,1
Balconi,8
Balisto,3
Balocco,3
Bambi,1
Bamboo,1
Banania,4
Baraani,2
Barber,1
Barcel,2
"Bare naked foods, BareNaked Foods",1
Baresa,11
"Baresa, Barrsa, Freshona",1
"Baresa, Combino",1
"Baresa, Freshona",2
"Baresa, Italiamo",1
"Baresa, Italiamo, Baresa - Lidl",1
"Baresa, Lidl",1
"Baresa, Lidl, Lidl Baresa",1
"Baresa, Lidl, Ospelt food AG",1
"Baresa,Freshona",1
"Baresa,Lidl",2
Barilla,47
"Barilla, Barilla Collezione",1
"Barilla, Barilla Piccolini",1
"Barilla, Gran Cereale",1
"Barilla, Harrys",1
"Barilla, Kalkof",1
"Barilla, Mulino Bianco",13
"Barilla,Gran Cereale",1
"Barilla,Mulino Bianco",4
"Barilla,Wasa",1
Bart,1
Batchelors,6
Batts,4
"Batts, Kania",1
"Batts, Lidl, Lidl Batts",2
"Bautz'ner, Bautzner",1
Baxters,4
Be,11
Be Biscuit,1
Be Kind,1
Be biscuits,1
Bear,2
"Bear, Bear Nibbles",4
Becel,3
"Becel, Flora Food Germany",1
"Becel,Upfield",1
Bee’s,1
"Beghin say, Tereos",1
Beiersdorf,1
Bel,1
Bel Nordic,1
"Bel, Boursin",1
"Bel, Kiri, Kiri gouter",1
"Bel, Leerdammer",1
"Bel, Leerdammer, Leerdammer original",1
"Bel,Boursin,Boursin atartiner/core cheese",1
"Bel,Boursin,Boursin atartiner/core cheese,Fromagerie BEL",1
"Bel,Kiri,Kiri gouter",1
"BelVita, LU",2
"BelVita, LU, Mondelēz",1
Belazu,3
Belbake,8
"Belbake Lidl, Belbake",1
"Belbake, Lidl, Navarre",1
Belcita,1
Belin,5
"Belin, Mondelez",2
Bellarom,7
"Bellarom, Fin Carre",1
"Bell’s Healthcare, Pure",1
Belmaroc,1
Belmont Biscuits,2
Belvita,5
"Belvita, LU",1
"Belvita, LU, Mondelez",1
"Belvita, Lu, Mondelez",1
"Belvita,LU,Mondelez",1
"Belvita,Mondelez",2
"Belvita,Mondelēz",1
Belvoir,3
Belvoir Farm,1
Ben & Jerry's,2
"Ben & Jerry's,Unilever",1
Ben's,6
Ben's Original,5
Benco,3
Benecol,3
Benedicta,3
Ben’s Original,1
"Berentzen,Mio Mio,Vivaris",1
Berida,1
Berief,1
"Bernard Michaud, L'Apiculteur",1
Bertinet Bakery,3
Bertolli,2
Best Foods,1
Better Nature,1
Beurre planta,1
Beyond Meat,3
Bezoya,1
Bicentury,1
Bien,4
Billie Green,1
Bimbo,9
"Bimbo, Takis",1
Bimo,8
"Bimo,Mondelez",1
Bio & Me,11
Bio Organic,1
"Bio Organic, Gräfschafter, Lidl, Maître Jean Pierre, Tastino",1
"Bio Organic, Lidl, Milbona, Milbone",1
"Bio Organic, Lidl, Sondey",1
"Bio Organic, Oaklands",1
"Bio Organic,Lidl,Milbona",1
"Bio Sonne,Lidl,Optisana",1
Bio Village,6
"Bio Village, LUCIEN GEORGELIN",1
"Bio Village, Marque Repère",41
"Bio Village,Marque Repère",3
Bio&Me,1
"Bio, Knorr",1
"Bio, Maggi",2
Biocoop,4
Biona,2
Biona Organic,2
Bionella,1
Bioster,1
"BiotechUSA, Biotech",1
Biotiful,7
Biotiful Dairy Ltd,1
"Biotiful Dairy, Costellore, Waitrose",1
Biotiful gut health,1
Bird's,1
Birds Eye,8
BirdsEye,1
Birdseye,1
"Biscoff, Lotus",1
"Biscuiterie De L'Abbaye, Lidl, Sondey",1
Biscuiterie d'Agen,1
Bisson,2
Bisson - Ekibio,1
Bisto,8
Bjorg,99
"Bjorg, Bjorg Veggie",1
"Bjorg, Bjorg bio nutri+",1
"Bjorg, Tanoshi",1
Black Farmer,1
Black Sheep Craft Bakery,1
Blini,4
Blue Diamond Almonds,1
Blue Dragon,10
Blue band,1
Blue diamond almonds,1
Blue dragon,1
"Blues, Eurospin",1
Blédina,3
Bnina double saveur,1
Bob's Red Mill,1
Bodymass,8
Bol Bol,1
"Bol Bol,بول بول",1
Bol&Bol,1
Bom Petisco,1
"Bon & Bio,Bon et Bio",1
Bonduelle,33
"Bonduelle, Бондюэль",1
Bonna,1
Bonne Maman,68
"Bonne Maman,Andros",1
Bonne maman,5
Bonneterre,1
"Bons mayennais, Vaubernier",1
Bordeau Chesnel,1
"Bordeau Chesnel, Savencia",2
Bordeau chesnel,1
Border,1
Borderfields,1
"Borggreve,Wintertraum",1
Borsa,1
Borsec,3
Bosh Nooch!,1
Boss,2
Bottle Green,2
Bottlegreen Drinks,1
Bounty,2
"Bounty, Mars",1
Boursin,2
"Boursin,Boursin atartiner/core cheese",2
"Bouton D'Or, Les creations",1
Bouton d'Or,1
Bouton d'or,10
"Bouton d'or, Intermarché",1
"Bouton d'or, Les Mousquetaires, Sélection des Mousquetaires",1
"Bouton d'or, Sélection Intermarché",1
Bovetti,1
Bragg,2
Bramwells,13
Branston,6
Bravo Crem,1
"Break,Tiffany",1
"Bresse Bleu,Savencia",1
Bresso,1
"Bresso, Savencia",1
Bret's,4
Brets,14
Briau,2
Bridelice,1
Bridelight,4
Bridélice,7
Brillante,2
Brioche Pasquier,13
"Brioche Pasquier, Pasquier",2
"Brioche Pasquier,Pasquier",1
Brioches Fonteneau,1
Britannia,1
Bronchales,1
Brooklea,7
Brossard,12
Bruggen,1
Brun,1
"Brun, Mondelez",2
"Brunch, Edelweiss, Savencia",1
Brüggen,1
Buckwud,1
Buldak,1
"Buldak,Samyang",1
Bulk powders,1
Bumble bee foods,1
Burn,1
Burton Biscuits,1
Butterkist,3
By Sainsbury's,24
"By Sainsbury's,Sainsbury’s",1
By sainsbury's,14
"By sainsbury's, Wholesome",1
Bé,2
Béghin Say,1
"Béghin Say,La Perruche,Tereos",1
Béghin SayTereos,1
"Bénenuts, PepsiCo",1
Bénédicta,10
"Bénédicta, H.J. Heinz France, Heinz",1
"Bénédicta, Heinz",1
Bénénuts,2
Bürger,1
C'est qui le patron,1
"C'est qui le patron ?!, La marque du consommateur",1
CABREIROÁ,1
CAPRI-SUN.,1
CARDELLA,1
CARREFOUR,1
CARREFOUR CLASSIC',1
"CARREFOUR CLASSIC', Carrefour",2
"CARREFOUR ORIGINAL, Carrefour",1
"CARTE NOIR, Carte Noire",1
CEMOI,1
"CF&R, Coeur de lion, Savencia",1
"CF&R, Cœur de Lion, Savencia",1
"CF&R, RichesMonts, Savencia",1
"CF&R,Cœur de Lion,Savencia",1
"CHABRIOR, Top budget",1
CHERGUI,6
"CHOCOQUIK, Güldenhof",1
CHOLULA,1
"CMI (Carrefour Marchandises Internationales), Carrefour, Carrefour Original, Groupe Carrefour",1
"CMI (Carrefour Marchandises Internationales), Carrefour, Groupe Carrefour",2
CO OP,1
"COCA-COLA, FuzeTea",1
COOPERATIVE ISIGNY SAINTE MÈRE,1
COSUMAR,1
CRF,1
CROWNFIELD,3
"CRUSTI CROC, EL TEQUITO, SnackDay",1
CUVECO AS,1
"CUVECO AS, Fever-Tree",1
"CVC Capital Partners, Continental Foods, Liebig",1
"CVC Capital Partners, Continental Foods, Royco",2
Cachet,2
Cacolac,1
Cadbury,17
"Cadbury, Fingers",1
Cafés Méo,1
"Calbee, Harvest Snaps",1
Caldas de Penacova,1
Califia Farms,2
"Calin 0%, Yoplait",1
"Calin, Yoplait",1
"Calin,Calin standard,Yoplait",1
Calvé,7
Campagne de France,1
Campagne de France - La Coopérative Latière,1
Campo Largo,2
Campo Verde,1
"Campo largo, Freshona",1
Campofrío,1
Canada Dry,1
Canderel,2
"Canderel, Merisant",1
Candia,6
"Candia, Lacteor, Sodiaal",1
"Candia,Sodiaal",1
Candy Kittens,3
Cap Océan,1
"Cap RoussetFerrigno, Ferrigno",1
"Cappuccino, Gold cappuccino, Nescafé",1
"Cappy, Coca-Cola",1
"Capri-Sonne, Capri-Sun",1
Capri-Sun,1
"Caprice Des Dieux, Savencia",1
Caprice des Dieux,1
"Caprice des Dieux, Savencia",1
Carambar,1
Carapelli,8
Cardella,2
Carlotti,2
Carotino,1
Carpatica,1
Carr's,3
Carrefour,146
Carrefour BIO,7
"Carrefour BIO, Carrefour",63
"Carrefour BIO, Carrefour, Groupe Carrefour",1
"Carrefour BIO, Carrefour, Interdis",1
"Carrefour BIO,Carrefour",17
Carrefour BioCarrefour,1
Carrefour Classic,1
Carrefour Classic',1
Carrefour Original,1
Carrefour Sensation,1
"Carrefour, Carrefour Classic",3
"Carrefour, Carrefour Classic'",1
"Carrefour, Carrefour Kids",1
"Carrefour, Carrefour Sensation",1
"Carrefour, Carrefour Sensation Carrefour",1
"Carrefour, Carrefour Sélection",1
"Carrefour, Carrefour Veggie",1
"Carrefour, Carrefour-classic",2
"Carrefour, Groupe Carrefour",2
"Carrefour, Interdis",1
"Carrefour, Reflets de France",6
"Carrefour, Reflets de FranceBazin André",1
"Carrefour, Simpl",4
"Carrefour, Xtrem",1
"Carrefour,Carrefour Classic",1
"Carrefour,Carrefour Extra",2
"Carrefour,Carrefour Original",1
"Carrefour,Carrefour Veggie",1
"Carrefour,Selection Carrefour",1
"Carrefour,Simpl",5
Carte D'Or,1
"Carte D'or, Les Essentiels",1
"Carte Noire, Lavazza",1
Casa Azzurra,3
"Casa Azzurra, Cipf Codipal",1
"Casa Azzurra,Cipf Codipal",1
Casa Tarradellas,2
Casa azzurra,1
"Casa azzurra, Granarolo",1
"Casino, Casino Bio",1
Cassegrain,26
Castello,2
"Catania,Zespri",1
"Caterers pride, Tesco",1
Cathedral City,7
Cauldron,5
Cauvin,5
Cawston Press Rhubarb,1
Cebon,1
"Cebon, El Mordjene®",1
"Celebrations, Mars",1
Cem Porcento,1
Central Danone,1
Central Lechera Asturiana,5
Centrale,1
Centrale Danone,3
"Centrale, Danone, Jebli",1
Cereal Bio,2
Cereal bio,2
Cerebos,1
Certossa,1
Cesar Moroni,1
Cevital,1
"Cfr fleurette, Yoplait",2
"Cfr yoplait, Yoplait",1
Chabrior,16
"Chabrior, Chabrior Bio",1
"Chabrior, Faissole, Intermarché",1
"Chabrior, Intermarché",6
"Chabrior, Intermarché, Les creations",1
"Chabrior, Les creations",1
"Chabrior, Regain",2
"Chabrior, intermarché",1
"Chabrior,Sélection Intermarché",1
Chakrabor,1
Champomy,1
ChanteSel,1
Chantesel,1
Chaokoh,1
Chaouen,1
Charal,3
"Charbonnel et Walker, GINBIS, Mondelez, Oreo, Oreo - Mondelēz International",1
Charles & Alice,6
Charles Vignon,2
Charlie Bigham's,3
Charlie Binghams,1
"Chaussee aux moines, Lactalis",1
Chavroux,1
Cheerios,1
Cheerios Multigrain,1
"Cheerios,Nestle",1
Cheetos,7
Chef Gourmand,1
Chef Select,3
"Chef Select, Lidl",1
Chergilui,1
Chergui,49
Chio,2
Chips Ahoy!,1
"Chiquilin,Artiach",1
Chira,1
Chobani,3
"Chocapic,Nestlé",1
"Choco Nussa,Lidl",1
Choco nussa,1
Chocolate,1
Chocolove,1
Cholula,1
Chomps,1
Chop Stick,1
Chosen Foods,2
Chovi,1
"Chêne D'argent,Duc de coeur",1
"Chêne d'Argent, Duc de coeur",1
"Chêne d'Argent, Lidl",2
Chêne d'argent,2
"Chêne d'argent, Lidl",2
"Chêne d’Argent, Duc de Coeur",1
Chêne d’argent,1
Ciel,3
Cirio,1
"Cirio, Cirio - Conserve Italia Soc. Coop. Agricola",1
"Cirio, Cirio La polpa rustica",1
"Cité Marine, Lidl",1
Cité marine,1
Clarks,1
Classic,1
Clay Oven Bakery,1
"Cleaning, Pink Stuff",1
Clearspring,1
Clement Faugier,1
Clif Bar,1
Clipper,5
Clorets,1
Clover,3
"Club Mate,Loscher",1
Clément Faugier,1
Co Op,1
"Co Op, Coop",1
Co-op,1
Coca Cola,4
"Coca Cola,Coke",1
Coca cola,2
Coca-Cola,57
Coca-Cola Company,3
"Coca-Cola Company, Coca-Cola",1
"Coca-Cola, Coca-Cola Company",1
"Coca-Cola, Coca-Cola company, The Coca Cola Company",1
"Coca-Cola, Coca-Cola-light",1
"Coca-Cola, Diet Coke, The Coca-Cola Company, Tiffin Sandwiches",1
"Coca-Cola, Minute Maid",1
"Coca-Cola, Nestea",1
"Coca-Cola, Powerade",1
"Coca-Cola, coca",1
"Coca-Cola,Aquarius",1
"Coca-Cola,Coca-Cola Company",2
"Coca-Cola,Coke",1
Coca-Cola®,1
Cofresh,1
Coke ZÉRO®,1
Cola Cao,1
ColaCao,3
ColaCaoIdilia Foods,1
Colacao,1
Colaimo Le lait,1
Colman's,3
"Colman's,Unilever",1
Colmans,1
Colman’s,2
Combino,6
"Combino, Lidl",3
"Combino, Lidl, Vitasia",1
"Combino,La Doria",1
"Combino,Vitasia,Vitasia China,Vitasia Chinese Style",1
Cometino,1
"Compagnie Générale De Conserve, Sultanines",1
Compagnie des Pyrénées,1
Compagnie des Pêches Saint-Malo,2
"Conaxess trade norway, Storck",1
"Confetteria Raffaello,Ferrero",1
"Confetteria raffaello, Ferrero",1
Confipote,1
"Confiserie Firenze, Kuchenzauber Lidl, Kuchenzauber",1
"Congo Brands, Prime",1
Conikos,1
"Conikos,LeaderFood",1
Connetable,2
Connétable,18
Conserverie Parmentier,1
Contrex,2
"Cookie crisp,Nestlé",1
Coop,14
Coop Irresistible,1
Copag,1
Copella,1
Coppenrath Feingebäck GmbH,1
Coral,1
Corale,1
Coraya,3
Core Power,1
Corny,2
"Corny, Schwartau",1
"Corny,Schwartau",1
Corona,2
Costa,1
Costa Coffee,1
Costa d'Oro,2
Country Life,2
Courmayeur,2
Covent Garden,1
Covent Garden Soup Co,1
Cowbelle,3
Cravendale,1
"Cravendale, Duracell, Tesco",1
Crealine,1
Cream cheese,1
Creamfields,4
Cremio,1
Crf,1
Crisp -n Dry,1
Cristaline,10
Cristim Salam Sasesc,1
Croco,1
"Cross & Blackwell, King British",1
Crosta & Mollica,14
Crosta & mollica,1
Crosta And Mollica,1
Crosta and mollica,1
Crosta&Mollica,1
Croustipate,3
Crownfield,36
Crownfield (Lidl),1
Crownfield - Lidl,1
"Crownfield, Lidl",13
"Crownfield, Lidl, Nordgetreide",1
"Crownfield, Lidl, Nutrisun",1
"Crownfield, Master crumble",1
"Crownfield, Simply Somptous",1
"Crownfield,Bio Organic,Lidl",1
"Crownfield,Lidl",5
"Crownfield,Lidl,Brüggen",3
"Crownfield,Lidl,Nordgetreide",2
"Cruesli, PepsiCo, QUAKER",1
"Cruesli, QUAKER",2
"Cruesli,PepsiCo,QUAKER,Quarker",1
Crunchmaster,1
"Crusti Croc, Snack Day",1
"Crusti Frais, Toque du Chef",1
"Crème Dessert, MONT BLANC",2
Créaline,6
Cucina,7
Cully & Sully,1
Cully&Sully,1
Cully&sully,1
"Curly, Intersnack, Vico",4
"Curly, Vico",1
Cuétara,5
"Cuétara, Krit",1
Cypressa,1
CÉRÉAL BIO,1
Céliane,1
Cémoi,1
Céréal,1
Céréal BIO,6
Céréal Bio,33
Céréal bio,5
"Céréal,Céréal Bio",1
Cérébos,2
"Céréco, Terres et Céréales bio",1
"Côte D’Or, Mondelez",1
Côte d'Or,9
"Côte d'Or, Fraft Foods",1
"Côte d'Or, Mondelez",1
"Côte d'Or, Mondelez, Mondelez International",1
"Côte d'Or, Mondelēz",1
"Côte d'Or,Mondelez International",1
"Côte d'Or,Mondelēz",1
"Côte d'or,Kraft Foods",1
"Côte d'or,Mondelez",1
"Côte d’or, Mondelez",1
"Côté d'Or, Mondelez",1
Cœur de Lion,1
D'aucy,14
"D.P.F.F.,Danone,Danone Produits Frais France",1
DACACLA,1
DANONE,5
DANONE AS,3
"DANONE, Gervais, Gervais suisse nature 145165",1
DARI,1
DENYA,1
"DESPERADOS, HEINEKEN",1
"DIPA, Moser Roth",1
"DM, Na",1
"DM,mivolis (dm)",1
"DMK, Milsani, Aldi",1
DOCCAS FOOD S.L.U.,1
DR KARG'S,2
Daco Bello,3
Daddy,7
"Daily's,STAMFORD STREET CO.",1
Dairy Manor,2
"Dairy Manor, Morning Fresh",1
Dairylea,3
Daisy,1
Dakatine,2
Dakota,1
Damiano,2
Danao,1
Danette,2
"Danette, Danette creme dessert, Danone",2
"Danette,Danette mousse,Danone",1
"Danette,Danone",1
Danon,1
Danone,75
"Danone, Alpro",1
"Danone, Danone jockey nature",2
"Danone, Danone of the world",1
"Danone, Danone set plain",2
"Danone, Evian",1
"Danone, Fjord, Fjord nature",2
"Danone, Gervais, Gervais suisse nature",1
"Danone, Hipro",1
"Danone, Jockey, Jockey fruits",1
"Danone, Jockey, Jockey natural",1
"Danone, Les 2 vaches",2
"Danone, Light & Free",1
"Danone, Veloute, Veloute aux fruits, Velouté Fruix",1
"Danone, Velouté, Velouté nature",1
"Danone,Actimel",1
"Danone,Activia",2
"Danone,Hipro,Hipro spoon",1
"Danone,LIGHT & FREE",1
"Danone,La Salvetat",1
"Danone,Volvic",1
Danonino,1
Danpack,1
Danube,1
Dari,2
Dark Excelente,1
Dark Excellente,1
"Darlet, Ibercacao",1
Dash,1
Date Crown,1
Daunat,5
Dave's Killer Bread,6
Dawtona,2
De Cecco,5
DeBeukelaer,1
Dee Thai,1
Del Monte,2
"Delabli, l'atelier Blini",1
Delacre,4
"Delacre, Ferrero",2
Deli Kitchen,2
Deli Originals Fresh,1
"Deli, Deli Reform, Walter Rau Lebensmittelwerke",1
Delicia,5
Delicious Desserts,1
Deliciously Ella,10
"Delikato, Jütro",1
"Delikato,Jütro",1
Deliplus,3
Delpierre,2
Delta,2
Deluxe,10
Deluxe (LIDL),1
"Deluxe, Lidl",2
"Deluxe, Lidl, Lidl Deluxe",1
"Deluxe,Lidl",2
Dessaint,1
"Deutsche Extrakt Kaffee, REWE, ja!",1
Devin,3
"Diet pepsi, Pepsi zero, Pepsico",1
Digestive,1
Dima,1
DmBio,6
"DmBio, dm",2
"DmBio, dm, dmBio (DM)",1
Dobrogea,1
"Dolca,Nestlé",1
Don Simón,7
Doritos,16
"Doritos, Dr Organic",1
"Doritos, Multibev, PepsoCo",1
"Doritos, PepsiCo",1
"Doritos, Pepsico",1
"Doritos,Frito Lay",1
"Doritos,Walkers",1
Dorna,1
Dorolina,1
Dorset Cereals,4
Dorset cereals,4
Dost,4
"DouceurⓇ, Knorr®",1
Doves Farm,2
Doves farm,1
Dovgan,1
Dr Wills,1
Dr. Karg's,2
Dr. Oetker,11
"Dr. Oetker, ANCEL",1
"Dr. Oetker, Ancel",2
"Dr. Oetker, Cameo",1
"Dr. Oetker, Fertigessen",1
"Dreistern, S.Pellegrino",1
Duc De Coeur,1
Duc de Coeur,1
"Duc de coeur, Harvest Basket, frisan",1
Ducros,5
Dulano,5
Dulano Lidl,1
Dulano Selection,1
Dulcesol,1
"Dulcesol, Vicky Foods",1
Dulcinea,4
Dunn's River,1
"Duplo,Ferrero",1
Duval,1
Délice,2
"Délice, Danone,",1
"Délice,Danone",1
"Délices de Kerloch, Sondey",1
Délicia,6
Délisse,1
"Délisse, Marque Repère",10
"Délisse, Marque Repère, Leclerc",1
"Délisse, Marque Repère, Scamark (Filiale E. Leclerc)",2
"Délisse,Marque Repère",1
"E.Leclerc, Eco +, Eco+, Leclerc",1
ECOMIL,1
EL BARAKA,1
ENTREMONT,1
ENVIA,2
"ENVIA, milbona",1
EPI D'OR,1
ETHIQUABLE,1
"ETHNOSCIENCE, Ecoidées",1
ETi,1
EXCELO,1
Eagle,1
Eastman's Deli Foods,1
Eat Natural,8
Eat Plants Free of Palm,1
Eat Real,8
Eat natural,1
Eau Minérale,1
"Eau de Beckerich, Rocheval, Source Ophélie",1
Eau minérale naturelle,1
Eau minérale naturelle des Montagnes d'Atlas,1
Ebly,4
"Ebro Foods, Panzani",3
"Ebro Foods, Panzani, Panzani les 3 Minutes",1
"Ebro Foods, Panzani, Regia",1
Eco Mil,1
Eco+ Leclerc eco,1
Ecomil,2
"Edeka, Gut & Günstig",1
Efsane,1
Eggo,1
Ehrmann,3
"Ekibio, Le Pain des Fleurs",1
"Ekibio, Le pain des fleurs",2
"Ekibio,Le Pain des Fleurs",1
"Ekibio,Le Pain des fleurs",1
"Ekibio,Le pain des Fleurs",1
Ekmek,1
El Baraka,3
"El Tequito, Freshona, El Tequito - Lidl",1
"El tequito, Snack Day",1
ElPozo,1
Elephant,4
Eliges,1
Elinas,1
Ella's kitchen,1
Elle & Vire,8
"Elle & Vire, Elle et Vire",1
"Elle & Vire, Elle&Vire International, Savencia",1
"Elle & Vire, Savencia",5
"Elle & Vire,Savencia",1
Elle & vire,1
"Elle & vire, Savencia",3
Elle&Vire,1
Elmlea,2
Elpozo,1
Emco,2
Emporium,4
"Emporium,Aldi",1
Encona,1
Enervit,1
Engevita,1
EntreMont,3
Entremont,5
"Entremont, Sodiaal",1
Entrepinares,1
"Entrepinares,Hacendado",1
Envia,20
Envia / Lidl,1
"Envia, Lidl",1
"Envia, Milbona",2
"Envia, Milbona, Pilos",1
"Envia, Natur Gut",1
Epi d'Or,1
Equador,1
"Erdbeer-Maracuja, MClassic",1
Erdinger,2
Eridanous,1
Esgir,2
Essalsabil,1
Essential Waitrose,2
"Essential Waitrose, Waitrose",1
"Essential Waitrose,Waitrose",2
Essential waitrose,1
Essential waitrose & partners,1
Essentials Waitrose & Partners,1
Ethiquable,25
"Etorki, Savencia",1
Euro Company,1
"Eurospin, Ginevra",1
"Eurospin, Mister Sibamba",1
Evernat,2
Everyday Essentials,2
Everyday essentials,2
"Everyday essentials,Aldi",1
Evian,5
Excelo,35
Exquisa,2
Extra,1
Extra Sapori d'Italia,1
"Extra Special, Asda Extra Special",1
"Extra, Wrigley’s",1
Extralait,1
FACENDADO,1
FAGE,1
FAGE Fruits,1
FAMI,1
FANTA,1
FAVRICHON,1
FERRERO ROCHER,1
FLEURY MICHON,1
FLYING GOOSE BRAND,1
FOL EPI,1
FUEL 10K,1
FUZE TEA,4
Fage,7
"Fair,simplement bon et bio",1
Fairebel,1
Fairefrance,1
Fairglobe,2
"Fairglobe, Way to go!, Lidl",1
Famille MICHAUD,1
Famille Michaud,3
"Famille Michaud, Lune de Miel",1
"Family Michaud, lune de miel",1
Fanta,11
"Fanta, Fanta orange",1
"Fanta, Fanta-light",1
"Fanta, The Coca-Cola Company",1
"Fanta,Fanta - The Coca Cola Company",1
Farchioni,1
Farrington Oil,1
Favorina,1
Favrichon,1
"Felicia,Hacendado",1
"Fermiers de Loué, LOUÉ",1
Ferrarelle,1
Ferrarelle S.P.A,1
Ferrero,36
Ferrero Rocher,3
"Ferrero, Kinder",9
"Ferrero, Kinder, Mixte",1
"Ferrero, Mon Chéri",1
"Ferrero, Nutella",9
"Ferrero, Nutella B-ready",1
"Ferrero, TIC TAC",1
"Ferrero, kinder",1
"Ferrero,Ferrero Rocher,Rocher,รอชเชอร์,เฟอเรโร,เฟอเรโร รอชเชอร์",1
"Ferrero,Kinder",3
"Ferrero,Mixte,TIC TAC",1
"Ferrero,Nutella",4
"Ferrero,Nutella b-ready",1
Fever-Tree,2
Ficello,1
Filet de maqueraux à la sauce tomate,1
Filippo Berio,7
"Filippo Berio,Trevi",1
Fin Carré,5
Fin Carré way to go,1
"Fin Carré, Lidl",5
"Fin Carré, lidl",2
"Fin Carré,Lidl",1
"Fin carré, Lidl",1
Fincarre,1
Findus,13
"Fine gourmande, Poulain",1
"Fine gourmande,Poulain",1
"Finesse, Herta, Herta Finesse",1
"Finn Crisp, LANTMANNEN CEREALIA AS",1
Finn crisps,1
Finnebrogue Artisan,2
Finnebrogue better naked,1
Fiorentini,2
"Fitness,Nestlé",1
Fitzgeralds,1
Fitzgeralds Sourdough Bagels,1
Flahavan's,4
Flash,1
"Fleischer, Selbst gemacht, The Wholesome Bar, Uberti",1
Fleurs michon,1
Fleury  Michon,1
Fleury Michon,70
Fleury michon,1
Flora,15
"Flora Food Group, Natacha",1
Flora proactiv,1
"Flora, Superdrug",1
Florbú,3
Florelli,3
Florette,1
Florida Crystals,1
Flying Goose Brand,1
"Flying Goose Brand, Exotic Food",1
"Flying Goose, Flying Goose Brand",1
"Fol Epi, Fromageries Perreault, Savencia",1
Font Vella,1
Fontaneda,2
Food For Life,1
Food Thoughts,1
Forest Feast,2
"Formule express, Picard",3
Four Seasons,7
Four seasons,1
Fourat,1
Francine,6
Frank Cooper's,1
"Frank Cooper's,The Pantry",1
Frank’s,1
Freee,1
Freeway,2
French's,1
Fresh,1
Fresh Gourmet,1
Freshona,32
Freshona - Lidl,1
"Freshona, Freshona - Lidl",1
"Freshona, Kirkland, Lidl Freshona, Freshona - Lidl",1
"Freshona, Lidl",1
"Freshona, Lidl, Lidl Freshona",1
"Freshona, Lidl, Vitasia",1
"Freshona,Kidneybohnen",1
"Freshona,Lidl",1
Frezzh,1
FrieslandCampina,1
Fromage,1
"Fromagerie Guilloteau, Pavé d'Affinois",1
"Fromagerie Milleret, L'Ortolan",1
"Fromageries des Chaumes, Le brebiou, Savencia",1
"Fromarsac, Savencia, St Moret",3
"Fromarsac, Savencia, Tartare",1
"Fromarsac,Islos,Savencia",1
"Fromarsac,Savencia,Tartare",1
"Fruit Shoot, Teisseire",1
Fruit d'Or,2
"Fruit d'Or ProActiv, Pro activ, ProActiv, ProActiv Expert",1
"Fruit d'Or ProActiv,ProActiv,ProActiv Expert,pro activ",1
"Fruit d'Or,Becel",1
Fruypis,1
Fry light,2
Frylight,1
"Fude   Serrahn Milchprodukte, Lidl, Milbona",1
Fuel,1
FulFil,1
Fulfil,1
"Full Green, Fullgreen",1
"Fullgreen, Waitrose",1
Fundo Sofruco,1
Funkie,4
"Funky Veggie, Funkie",1
Funny-frisch,1
Fuze Tea,2
"Fuze Tea, Fuzetea",1
FuzeTea,2
GASTRONOMIA DI MARE,1
GEIA FOOD AS,1
GO NUTS,1
GO ON,2
GOLDEN BRIDGE,1
GRAFSAFTER,1
GRAINÉA,2
GRANDESSA,1
Gaia,1
Galaxy,1
Galbani,8
Galbusera,14
Galletas Gullon,1
Gallina Blanca,3
Gallo,1
Garbit,2
Garden Gourmet,2
Garden gourmet,2
"Garden gourmet, Herta, Sensational",1
"Garlic sauce, Knoblauch, Sau'cee",1
Garofalo,1
Gastro,1
Gastro mixte,1
Gateau,1
Gavottes,4
Gayelord Hauser,3
Geeta’s,2
Geeta’s Foods Ltd,1
General Mills,3
"General Mills France,Nature valley",1
"General Mills, Nature Valley",1
"General Mills, Old El Paso",2
"General Mills, Old el Paso",1
"General Mills,Cheerios",1
"General Mills,Nature Valley",1
"Georgelin,Lucien Georgelin",1
Gerblé,72
Gerblé Bio,1
"Gerblé, Gerblé Bio",4
"Gerblé,Gerblé Vitalité,Nutrition & Santé",1
Gerlinea,1
Gerlinéa,1
"Gerlinéa, Ma Pause Gerlinéa",1
Gerolsteiner,1
Gervais,4
"Gervais, Gervais suisse nature",1
Ghayt,1
Gia,1
"Gifflar, Pagen, Pågen",1
Gilbert,2
Ginger Cordial,1
Ginsters,1
Giovanni Ferrari,1
Giovanni Rana,2
"Giovanni Rana, Rana",2
Glenryck,1
"Glico, LU, Mikado, Mondelez",1
"Glico, LUMondelez, Mikado",1
Go Ahead,3
Go Nuts,2
Go On,2
"Go On,Sante",1
Go Raw,1
Go-Tan,1
Goldback (Aldi Süd),1
Golden,1
Golden Sun,6
"Golden grahams,Nestlé",1
Golden sun,1
"Golden sun,Taste of",1
Goldenbridge,1
"Goldoni Annibale Prosciutti S.R.L,Parma",1
"Goldähren,Lieken",1
Good 4U,1
Goodfella's,1
Gosh,1
Gosh!,2
Gourmet,1
Grace,1
Grafschafter,1
"Grafschafter, Grafschafter Krautfabrik",1
"Grafschafter, Grafschafter Krautfabrik, ALDI Grafschafter",1
"Grafschafter, Lidl",1
"Grafschafter, Snack Food Poco Loco, el tequito",1
"Grafschafter, Tastino",1
"Grafschafter,Maître Jean Pierre,Bio Organic,Lidl",1
Graham's,3
Graham's The Family Dairy,1
Graham’s,1
Grain de Sail,1
Gran Luchito,1
Gran Pavesi,1
"Gran Pavesi, pavesi",1
Gran cereale,1
Granarolo,1
"Granarolo, Unconventional",1
Grand Fermage,5
Grandessa,6
Grand’mère,1
Granja san francisco,1
Granola,1
Granola Low Sugar Nuts & Seeds,1
"Granola, LU",1
"Granola, Lu",1
"Granola,LU,Mondelez",1
Graze,14
"Great Value,Wal-Mart Stores Inc.",1
Green & Black's,6
Green & Blacks,2
Green and black,1
Green and blacks,1
Green giant,1
Grenade,2
Grillon d'Or,2
Grillon d'or,1
"Grimbergen, Grimbergen Blonde",1
GrissinBon,1
"Gruma,Mission Wrap",1
Gräfschafer,1
"Grønvang Food ApS, Lidl, Vemondo",1
Grünländer,1
Guedila,1
Guinness,1
Gullon,6
Gullón,48
Gust Original,1
Gusto,2
Gut Bio,1
Guylian,1
Géant Vert,1
Géramont,1
H.W. Nevill's,1
HACENDADO,2
HAPPYVORE,1
HARIBO,1
HARRYS,1
HARi&CO,1
"HAUGEN-GRUPPEN AS, Kikkoman, Kikkoman - Kikkoman K.K.",1
"HAUGEN-GRUPPEN AS, Maldon",1
"HAUGEN-GRUPPEN AS,Heinz",1
HAWAI,1
HECK,1
HEINZ,5
HELLMANN'S,3
HERSHEY'S,1
HERTA,1
"HERTA, Le Bon Paris",14
"HERTA, Tarte en or",4
"HERTA, Trésor de Grand Mère",2
"HERTA,Le Bon Paris",1
HINDUSTAN COCA-COLA BEVERAGES PVT LTD.,1
HP,1
HP Foods,2
"HP Foods, Hp sauce",1
HP Sauce,1
Haagen-Dazs,1
Hacendado,391
"Hacendado, Mercadona",2
"Hacendado, Montesinos",1
"Hacendado, Siro",1
"Hacendado,Anitin",1
"Hacendado,Mercadona",1
"Hacendado,Mercadona S.A.",1
Halta,2
Hamoud Boualem,1
Handelshuset Hette AS,1
Handl norway as,1
Happy Bio,1
HappyVore,6
Happyvore,2
Harbour Salmon Co.,1
Hari&Co,2
Hari&co,1
Haribo,19
"Harris, Harrys",1
Harry,1
Harry's,3
Harrys,33
"Harrys, Harrys Né à Châteauroux",1
"Harrys, Harry’s",1
Hartley's,1
Harvest Basket,3
"Harvest Basket,Lidl",1
Harvest Morn,16
"Harvest Morn, Aldi",2
Hatherwood,1
Haugen - gruppen as,1
Hawai,1
"Hawai,Coca cola",1
Hayet,1
Heck,1
Heck!,1
Heidi,2
Heinz,95
Heinz Foods UK Ltd,1
"Heinz, Heinz / Coop",1
"Heinz, Morrisons",1
"Heinz, Nature’s pick",1
Hela,1
Hell,1
Hellman's,2
Hellmann's,15
Hellmans,1
"Hellmans,Unilever,Hellman's",1
Hemani,1
"Hendersons (Sheffield) Ltd,Henderson's",1
Hengstenberg,1
Henry's,2
Henrys,1
Henry’s,1
Hero,4
Herta,14
"Herta, Knacki",5
"Herta,Knacki",1
Heudebert,4
"Heudebert, LU, Mondelez",1
"Heudebert, Lu, Mondelez",1
"Heudebert, Lu, Mondelèz International",1
"Heudebert,LU,Mondelez",2
"Heudebert,Lu,Mondelez",1
Heura,3
HiPRO,1
Higgidy,2
Higgidy Family Kitchen,1
Highgate Fayre,1
"Highgate Fayre, Lidl",1
"Hikari miso, Hiraki Miso",1
Hilltop Everyday,1
Hiltop Honey,1
Hip Pop,1
Hipro,1
"Hipro, Danone",3
"Hipro, Hipro drinks, Danone",1
"Hitachino, Ribena",1
Hochland,1
"Hochland,Almette",1
Holland Corona,1
Hollie's,1
Hollywood,1
Holy Moly Dips,1
Homepride,1
Honey Maid,1
Horlicks,1
Hormel,1
"Hormel Foods Corporation, Skippy",1
Hovis,19
Hu,4
Hubbards / Aldi,1
Huel,4
Huilor,1
Hula hoops,1
Hulala,2
Hunter & Gather,1
"Huy Fong Foods, Inc.",1
Häagen-Dazs,5
Hénaff,2
I Can'T Believe It's Not Butter,1
"I. Schroeder, King's Crown, Kings Crown",1
IKEA,5
ISEY,1
ISIGNY STE MÈRE,1
ITAL PASSION,1
ITALIAMO,2
"ITALIAMO, Lidl Realforno, Realforno, Lidl",1
Ideal,3
"Idilia Foods, Nocilla",1
Idéal,5
Ifri,1
"Iglo, Fisch",1
"Igor, Lidl, Milbona",1
Ikea,3
Illy,1
Incarlopsa,3
Indomie,3
"Infusion, Lipton",1
Innocent,28
Innovit,2
Innovit (Action),1
Inspired Cuisine,1
"Inter Biscuits,Lidl,Sondey",1
"Intermaché, Itineraire des saveurs, Roussas",1
"Intermarché, Itinéraire des Saveurs, Sélection Intermarché",1
"Intermarché, Ivoria",2
"Intermarché, Les eleveurs vous disent merci",1
"Intermarché, Paquito",1
"Intermarché, Premier prix",1
"Intermarché, Pâturages",3
"Intermarché, Regain",2
"Intermarché, Regain, Regain bio",1
"Intersnack France, Vico",1
"Intersnack, Monster Munch, Vico",2
"Intersnack, Vico",4
Inés Rosales,1
Ironmaxx Nutrition GmbH & Co.,1
Isabel,3
Isey,3
Isey Skyr,1
Isigny Sainte-Mère,2
Isigny Ste Mère,3
Isola Bio,1
Isostar,1
"Istara, Lactalis, SNC Pyrénéfrom",1
It,1
"Italia, Ponti",1
Italiamo,10
"Italiamo, Lidl",1
"Italiamo, Mister Choc",1
"Italiamo,Lidl",2
Itinéraire des Saveurs,3
"Itinéraire des Saveurs, Itineraire de nos regions",1
"Itinéraire des Saveurs, Les Mousquetaires",1
Itinéraire des saveurs,1
Itsu,6
Ivoria,5
"Ivoria, Les creations",1
J FAVRICHON,3
J. D. Gross,1
"J.D. GROSS, LIDL",1
J.D. Gross,4
"J.D. Gross, Lidl",4
"J.D. Gross, Lidl, Lidl J.D. Gross",1
"J.D. Gross,Lidl",2
JACOBS DOUWE EGBERTS NORGE AS,1
JANAH FRERES,1
"JARDIN BIO ETIC, Jardin bio",1
JASON'S,1
JIFFY,1
JOKER,1
JORDANS,2
JTI,1
JUICEBURST,1
Ja,1
Ja!,1
"Ja! Rewe, ja!",1
"Ja!, Rewe",1
Jacksons,1
"Jacksons of Yorkshire,Jacksons",1
Jacob's,4
"Jacob's, Jacobs",2
Jacobs,3
"Jacobs Douwe Egberts, Maxwell House",1
Jacob’s,3
Jacquet,19
Jamar,1
Jamcal,1
James White,1
Jamie Oliver,3
Jammie dodgers,1
Jaouda,68
Jaouda Copag,1
Jaouda تبارك وتعالى,1
"Jaouda, Copag",1
Jardin Bio,2
Jardin Bio étic,1
"Jardin Bio étic, Jardin bio, Léa Nature",1
"Jardin Bio étic, Jardin biologique, Léa Nature",1
"Jardin Bio étic,Jardin bio,Léa Nature",1
"Jardin Bio, Jardin biologique, LEA Nature",1
"Jardin Bio, Jardin biologique, Léa Nature",5
"Jardin Bio, Léa Nature",4
"Jardin Bio, Léa nature",1
"Jardin Bio,Jardin biologique,Léa Nature",1
Jardin bio,9
Jardin bio',1
"Jardin bio, Jardin bio logique",1
"Jardin bio, Jardin biologique, Léa Nature",1
"Jardin bio, LEA Nature",2
"Jardin bio, LÉA NATURE",1
"Jardin bio, Léa Nature",18
"Jardin bio, Léa Nature, Jardin Bio Eric",1
"Jardin bio, Léa nature",1
"Jardin bio, jardin bio étic Léa Nature",1
"Jardin bio,Léa Nature",1
Jardin biologique,1
Jason's,6
Jason's Sourdough,3
Jason’s,2
Jaïd,1
Jean Hervé,4
Jeff's,1
Jensen & Co AS,1
Jibal,16
"Jibal, JIBAL",1
Jif,4
Jim Jams,1
Jobnaty,1
John West,5
Joker,7
Joly,3
"Joly,Doha",1
Jordan,1
Jordans,28
Jordan’s,2
Joseph Favrichon,1
Joyfuel,2
Juicy marbles,1
Jura flore,1
Jus Rol,1
Just Loading,1
Justin Bridou,1
Juver,4
"Jörd, Arla",1
K,1
K Kitchen Deli,1
K-Classic,1
"KARÉLÉA, Léa Nature",1
KELLOG'S,1
KERGUILLET,1
KFC,1
KIKKOMAN,1
KIND,6
KIRKLAND Signature,1
KIRKLAND signature,1
KODIAK,1
KP,6
KP Snacks,2
"KROKOLA, Merveilles du Monde",1
KROON,1
KTC,3
Kaiser,1
Kallo,4
"Kallo foods Ltd,kallø",1
Kallø,13
Kalos,1
Kambly,3
"Kango, LU",1
Kania,8
"Kania, Lidl, Winarom",1
"Kania, Lidl, zuckerfrei",1
"Kania,Kania Lidl,Kaninchen Lidl",1
"Kania,Lidl",3
Kaoka,3
Kara,6
"Karelea, Léa nature",2
"Karéléa, Léa Nature",4
Kavanagh's,1
Kellogg&#039,1
Kellogg's,69
Kellogg's extra,1
"Kellogg's, Extra",1
"Kellogg's, Extra, pépites",1
"Kellogg's, Pringles",1
"Kellogg's, Smacks",1
"Kellogg's, Special K",2
"Kellogg's, Tesco",1
"Kellogg's, Trésor",1
"Kellogg,Kellogg's",1
Kelloggs,1
Kellogg’s,4
Kelly's,1
Kelly’s,1
Kenco,1
Ker Cadélac,5
Kerrygold,4
"Kerrygold, Ornua Deutschland",1
"Kerrygold,Ornua Deutschland",3
Kettle,6
Kettle Chips,1
Khayrat,2
Kiddylicious,3
Kif,1
Kikkoman,7
"Kikkoman, Kikkoman - Kikkoman K.K.",2
Kind,2
Kinder,10
"Kinder, Ferrero",5
"Kinder, Mixte",1
"Kinder,Ferrero",1
"Kinder,Kinder Bueno",1
"Kinder,Kinder Délice",1
King Pot Noodle,1
Kingsmill,4
"King’s Crown, Aldi",1
Kioene,1
Kiri,16
Kirkland,3
Kirkland Signature,11
Kissan,2
"Kissan,Unilever",1
"KitKat,Nestlé",1
"Knacki, Herta",1
"Knoppers,Storck",1
Knorr,28
"Knorr, Morrisons",1
"Knorr, Secret d'Arômes",1
"Knorr, Unilever",3
"Knorr®, Unilever®",3
Kodiak,1
Koko,1
"Kong Strong, Kong Strong Urban Classic Energy Drink",1
Kotlin,1
Kraft,5
"Kraft Foods, LU, Mondelez",1
"Kraft Foods, Milka",1
"Kraft Foods,LU,Petit écolier",1
"Kraft, Kraft Foods, Mondelèz International, Philadelphia",1
Krasnystaw,1
Krisprolls,5
Ktc,1
"Kub or, Maggi",4
"Kub or,Maggi,Maggi Kub or",1
"Kub, MaggiNestlé",1
"Kuchenzauber, Maître Jean-Pierre",1
Kuhne,1
Kujawski,1
Kurkure,2
Kölln,4
"Kölln, Peter Kölln GmbH & Co. KGaA",1
Kûhne,1
"Kühlmann,Wonnemeyer",1
Kühne,1
Kühne Kühne,1
"L'Apiculteur, Yves Michaud",1
L'Atelier Blini,3
"L'Atelier Père Dodu, Père Dodu",1
L'atelier Blini,4
L'oeuf de nos villages,1
"L. Roses & Co ltd, Rose's",1
LA BALEINE,1
LA BELLE 220da,1
LA BOULANGÈRE,1
LA VACHE QUI RIT,1
LA VIE,2
LABEYRIE,1
LACTEL,2
LAOGANMA,1
"LAY'S, Lays",1
LE NATURE,1
LE SAVOUREUX,1
LE STERN,1
"LEAN&GREEN,Vit.Hit,Vithit",1
LES DANONE DU MONDE,1
LES P'TITES TARTINES,1
LIDL,8
"LIDL, PRIMADONNA",1
"LIDL, italiamo",1
LIFESTYLE,1
LIGHT & FREE 0%,1
LINDA McCARTNEY,1
LINDAHLS PRO,1
LU,31
LU Pelletier,1
"LU, Mikado",2
"LU, Mondelez",7
"LU, Mondelez International",2
"LU, Mondelez, Mondelez international",1
"LU, Mondelez, Napolitain",1
"LU, Mondelez, Pelletier",1
"LU, Mondelez, Prince",1
"LU, Mondelēz, Tuc",1
"LU, Mondelēz, Tuc, Mondelez",1
"LU, Pelletier",2
"LU, belVita",1
"LU,Mondelez",2
"LU,Mondelez International",3
"LU,Mondelez,Pépito",1
"LU,Prince",1
LU-Mondelez,1
LUMondelez,2
LURPAK,1
La BOULANGÈRE,1
La Baleine,1
La Belle Chaurienne,3
La Boulangère,18
"La Boulangère Bio, La boulangere",3
"La Boulangère Bio,La boulangere",1
"La Boulangère,La Boulangère Bio",1
La Carloteña,2
La Cestera,2
La Chocolatera,1
La Délicieuse,1
La Española,1
La Fermière,2
La Fournée Dorée,4
La Fournée dorée,3
La Hollandaise,2
La Laitière,1
La Maison Guiot,1
La Minut,1
"La Minut, Orkla",1
La Molisana,1
La Mère Poulard,4
"La Pastilla, Samia",1
La Pie Qui Chante,1
La Vie,1
"La Vie, La Vie Foods, LaVie_Foods",1
"La Vie, la vie foods",1
La Vieja Fábrica,1
"La Vosgienne, Mondelez",1
La baleine,3
La boulangere,1
La boulangère,1
La fermière,1
"La fermière, La Fermière",1
La fournee doree,1
La jardinière,1
La lumbre,1
La maison guiot,1
La minut mustar de masa,1
La vache qui rit,9
"La vache qui rit, Toastinette",1
"La vache qui rit, bel",1
"Lactalis, President",1
"Lactalis, Président",9
"Lactalis, Salakis",1
"Lactalis, Société",1
"Lactalis, chaussée aux moines",1
"Lactalis,Société",1
Lactel,6
"Lactel,Matin Léger",1
Ladid,1
Laiterie Les Fayes,1
Lancashire Farm,2
Landor,1
Lanjarón,1
Late July,1
Lavazza,4
Lay's,12
"Lay's, Lays",3
"Lay's, Lays, PepsiCo",1
"Lay's,Lays",1
Lays,3
Lay’s,1
Le Berger,1
"Le Berger, الراعي",1
"Le Bon Paris, Herta",1
"Le Fromage Fouetté Madame Loïk, Paysan Breton",4
"Le Fromage Fouetté Madame Loïk, Paysan breton",3
Le Fromager Des Halles,1
Le Gall,1
Le Gaulois,2
Le Guérandais,3
Le Jardin De Corentin,1
Le Jardin d'Orante,1
"Le Lait d'Ici, Le lait d ici",1
Le Moulin Antonin,1
Le Moulin du Pivert,2
Le Petit Basque,3
"Le Petit Paris,COMOCAP",1
"Le Phare du Cap Bon, Le Phare  Cap Bon",1
Le Rustique,1
Le Saunier de Camargue,1
Le Ster,5
"Le Ster, le pâtissier",1
Le Trésor des Dieux,1
Le gaulois,5
Le guerandais,1
Le moulin du pivert,2
Le pain des fleurs,2
"Le pain des fleurs, ekibio",1
Le phare du Cap-Bon,1
Lea & Perrins,2
Leader Chips,2
Leader food,1
Leaderfood,2
Leclerc,1
Ledda,1
Lee Kim Kee,1
Lee Kum Kee,4
Leerdammer,6
Leffe,1
Leicht & Cross,1
Leka c,1
Lepetit,1
Leroux,5
Les 2 Marmottes,1
Les 2 Vaches,7
Les 2 vaches,4
Les Comtes de Provence,2
Les Conserveries Marocaines Doha,1
Les Croisés,1
"Les Créations, Producteur & Commerçant",1
Les Eaux Minérale D'Oulmès,1
"Les Eaux Minérales d'Oulmès, Oulmès",1
"Les Eaux Minérales d'oulmès,Sidi Ali",1
"Les Mousquetaires, Monique ranou, Sélection des Mousquetaires",1
"Les Mousquetaires, Páturages, Sélection des Mousquetaires",2
"Les Mousquetaires, Regain, Regain bio, Sélection des Mousquetaires",1
"Les Mousquetaires, Regain, Sélection des Mousquetaires",1
Les P'tites Tartines,1
Les PâtissadesAldi,1
"Les Volailles du Chef, Toque du Chef",1
Les eaux minérales d'Oulmès S.A.,1
Lesieur,17
Lesieur Cristal,1
"Lesieur, Monini",1
"Lesieur,Cristal",1
LesserEvil,1
Lete,2
Lidl,90
"Lidl  Alesto, 1 x Lidl 04.24",1
"Lidl Baresa, Lidl",1
Lidl Batts,1
Lidl Deluxe,1
Lidl Envia,1
Lidl Solevita,1
"Lidl Stiftung & Co. KG, Nixe",1
"Lidl Stiftung & Co. KG,Toque du Chef",1
"Lidl,",1
"Lidl, Alesto",2
"Lidl, Maribel",4
"Lidl, Maribel, Marlene",1
"Lidl, Maître Jean Pierre",1
"Lidl, Milbona",2
"Lidl, Milbona, Milbona (Lidl)",1
"Lidl, Mister CHOC",1
"Lidl, Nautica",1
"Lidl, Nixe",3
"Lidl, Pilos",1
"Lidl, Roman hill bakery",1
"Lidl, Saguaro",2
"Lidl, Saveurs de nos Régions",1
"Lidl, Saveurs de nos régions",1
"Lidl, Solevita",2
"Lidl, Sondey",7
"Lidl, Taste of, Lidl Taste of",1
"Lidl, Toque du Chef",1
"Lidl, Vemondo",4
"Lidl, Vemondo, Vivera",1
"Lidl, Vita d&#039;Or",1
"Lidl, crownfield",1
"Lidl, envia",2
"Lidl, mister choc",1
"Lidl, navarre",1
"Lidl, saveurs de nos régions",1
"Lidl,Batts",1
"Lidl,Bon Gelati",1
"Lidl,Lidl Rowan Hill Bakery,Lidl Tastino,Rowan Hill Bakery",1
"Lidl,Maribel",1
"Lidl,Milbona",2
"Lidl,Milbona,Saviola",1
"Lidl,Mister Choc",1
"Lidl,Primadona",1
"Lidl,Primadonna",2
"Lidl,Roland,Sondey,Trium",1
"Lidl,Sol&Mar,Toque du Chef",1
"Lidl,Sondey",2
"Lidl,Sondey,Flämische Keksfabrik",1
"Lidl,Sondey,Inter Biscuits",1
Liebig,33
"Liebig, Lieb",1
"Liebig, Liebig PurSoup'",1
Lifeway,1
Ligeresa,3
Light & Free,1
Lightbody,2
Like Meat,1
Lilia,1
Linda McCartney,3
Linda McCartney's,2
Lindahl's,1
Lindahls PRO+,1
"Lindor, Lindt, Lindt & Sprüngli",1
Lindt,37
Lindt & Sprüngli,3
"Lindt & Sprüngli, Lindt, Lindt Excellence",1
Lindt EXCELLENCE,1
Lindt Excellence,1
Lindt&Sprüngli,5
"Lindt&Sprüngli, Lindt",1
"Lindt, Lindt & Sprüngli",4
"Lindt, Lindt & Sprüngli, Lindor",1
"Lindt,Lindt & Sprüngli",1
Linwoods,6
Lio,1
Lipton,18
Lipton Ice tea,1
Litoral,1
Little Moons,1
Lizi's,4
Lizi’s,1
Lloyd Grossman,1
Lo Salt,1
Loacker,1
Logismose,1
Longley Farm,1
Lor-IX,1
Lorenz,1
"Lorenz, Norma",1
Lorina,2
Lotus,20
"Lotus Bakeries, Lotus",2
"Lotus, Lotus Bakeries",1
"Lotus, Lotus bakeries",1
Lou Pérac,2
Lousra,1
Love Corn,4
Lovilio,2
"Lovilio, Milbona",1
Loyd Grossman,7
Lu,18
Lu Mondelez International,1
"Lu, Mikado",1
"Lu, Mondelez",4
"Lu, Mondelez France",1
"Lu, Mondelez International",1
"Lu, Pelletier",1
"Lu,Mondelez,Pépito",1
Lucien Georgelin,15
Lucien georgelin,2
Lucozade,1
Lukus,1
Lune de Miel,8
Lune de miel,2
Lupark,1
Lurpak,11
Lustucru,4
Lustucru Lustucru selection,1
Lustucru selection,1
"Lustucru, Lustucru selection",6
"Lustucru,Lustucru selection",4
Lutti,6
Luxlait,1
Lyle's,1
Lyle’s,1
"Lätta, Upfield",1
"Lätta, Upfield Deutschland, Upfield",1
"Lätta,Upfield,gezählt nur Lätta ‼️,‼️ gezählt wird nur Lätta ‼️",1
Léa Nature,1
Léonce Blanc,5
Løgismose,1
M&M'S,1
M&M's,5
"M&M's, Mars",2
M&S,14
M&S Collection,2
M&S Eat Well,2
M&S Food,7
"M&S, Marks & Spencer, Marks and Spencer",1
"M&S, Marks & Spencer, Marks and spencer",1
"M&m's, Mars, Mars Chocolat, Mars Chocolat France",1
M-Classic,1
MAGGI,1
MALO,1
MALTESERS,1
MANDY,1
MARINE,1
MARKAL,1
MARRAKECH,2
MAÎTRE JEAN PIERRE,1
MC CAIN,5
"MC CAIN, McCain",1
MCENNEDY,1
MERCI!,1
"MERCI!, Les eleveurs vous disent merci",1
"MILBONA, Pilos",1
MILKA,3
MILKY FOOD PROFESSIONAL,1
MILSANI,1
MIXE,1
"MONT BLANC, Crème Dessert",1
MUESLI CRUNCHY,1
MUTTI,1
Macao,2
Mackays,1
Mackie's of Scotland,1
Madrange,1
Mae Ploy,1
"Maestro,Saïda",1
Magasins U,1
Maggi,10
Magnum,1
Mahou,1
Maille,18
"Maille, Mini",1
"Maille, Unilever",6
MailleUnilever,1
Maille®,1
Maison Briau,1
Maison Colibri,1
Maison Tino,4
Maison briau,1
Maison fossier,1
Maitre Jean Pierre,2
"Maizena, Maïzena, Unilever",1
"Maizena,Unilever",1
Make In Minutes By Aldi,1
Malo,7
Malongo,2
Maltesers,2
Mama,1
"Mama, Yum Yum",1
Mamie Nova,2
ManiLife,1
Manilife,2
Mannapain,3
Manner,1
Manomasa,4
Mantequilla,1
Maple Joe,1
Maple joe,1
Maretti,4
Margafrique,1
Maribel,25
"Maribel, Marlene",1
"Maribel,Lidl",2
"Maribel,Penny Ready",1
"Maribel,el Tequito",1
Marie,19
Marie Morin,1
Marie morin,1
Marigold,3
Marine,2
Mario,2
Marjane,1
Marks & Spencer,34
"Marks & Spencer, Marks And Spencer, Pink Lady",1
"Marks & Spencer,Simply M&S",1
Marks and Spencer,2
Marlboro,1
Marmite,5
"Marmite,Unilever",1
Maroc,1
Marque Repère,3
"Marque Repère, Bon Choco, Equador",1
"Marque Repère, Comptoir du Grain",3
"Marque Repère, Couleurs vives",1
"Marque Repère, Douceur du Verger",3
"Marque Repère, E.Leclerc, Leclerc",1
"Marque Repère, E.Leclerc, Leclerc, Nustikao",1
"Marque Repère, Epi d'Or",5
"Marque Repère, Epi d'Or, Scamark (Filiale E. Leclerc)",1
"Marque Repère, Equador",2
"Marque Repère, Frucci",1
"Marque Repère, Grainéa",8
"Marque Repère, Jafaden",4
"Marque Repère, LECLERC",1
"Marque Repère, Laqueuille",1
"Marque Repère, Leclerc, Épi d'Or",1
"Marque Repère, Les Croisés",14
"Marque Repère, Les Croisés, Scamark (Filiale E. Leclerc)",4
"Marque Repère, Les Croisés, Tables du Monde",1
"Marque Repère, NAT&vie",4
"Marque Repère, NAT&vie, Marque repère NAT & Vie",1
"Marque Repère, Nid d'Abeille",1
"Marque Repère, Notre Jardin",4
"Marque Repère, Notre Jardin, Scamark (Filiale E. Leclerc)",1
"Marque Repère, Notre jardin",1
"Marque Repère, Nustikao",1
"Marque Repère, Oeufs de Nos Régions",1
"Marque Repère, P'tit Déli",5
"Marque Repère, Pic'Express, Tables du Monde",1
"Marque Repère, Pom' Lisse, Pom'Lisse",1
"Marque Repère, Pom'Lisse",2
"Marque Repère, Pêche Océan",5
"Marque Repère, Ronde des Mers",1
"Marque Repère, Rustica",6
"Marque Repère, Rustica, Scamark (Filiale E. Leclerc)",1
"Marque Repère, Soutenons nos agriculteurs",1
"Marque Repère, Tables du Monde",3
"Marque Repère, Tablette d'Or",1
"Marque Repère, Tablier Blanc",2
"Marque Repère, Tokapi",5
"Marque Repère, Tradilège",1
"Marque Repère, Turini",1
"Marque Repère, Épi d'Or",9
"Marque Repère, épi d'or",1
"Marque Repère,Les Croisés",1
"Marque Repère,Notre Jardin",1
"Marque Repère,Notre Jardin,Scamark (Filiale E. Leclerc)",1
"Marque Repère,P'tit Déli",1
"Marque Repère,Pêche Océan",1
"Marque Repère,Rustica",2
"Marque Repère,Turini",2
Marrakech,2
Mars,4
Mars Foods,1
Mars Incorporated,1
Mars Wrigley,2
Mars norge as,1
"Mars, Mars Wrigley",1
Marsa,3
Martini,1
Martínez Somalo,1
Maruchan,1
Maruja,1
"Marwa,SFBT",1
Mateg,1
Materne,6
"Materne, POM'POTES, Sans sucres ajoutés",1
"Materne, Pom' Potes",2
"Materne, Pom'potes",1
Matinal,1
Mattersons,1
Maxi sticks,1
Maxwell House,2
May Tea,3
MayMouna,1
Mayflower,1
Mazola,1
Maître Jean Pierre,10
"Maître Jean Pierre, Lidl",1
Maître Jean-Pierre,1
Maître PRUNILLE,1
Maître Prunille,5
Maître jean-Pierre,1
Maïtre PRUNILLE,1
"Maïzena, Unilever",1
McCain,12
McCambridge,1
McEnnedy,2
"McIlhenny Company, Tabasco",2
McVitie's,10
"McVitie's,United Biscuits",1
McVities,1
"McVities, McVitie's",1
Mccain,1
Mcennedy,2
Mcvites,1
Mcvitie s,1
Meadow Fresh,1
"Meadow Fresh,Simply Sumptuous",1
Medina,1
Meggle,2
Mejora,1
Melfor,1
Melliti,1
Member's Mark,1
Menguy's,3
Menier,1
Mentos,5
"Mentos,Perfetti",1
Mercadona,6
Merchant Gourmet,10
Merci!,1
"Merci, Storck",1
"Merci,Storck",1
Merendina,1
Merevale,1
Meridian,9
"Meridian, Meridian Foods",1
Merveilles du Monde,1
Mestla,1
Michaud Yves,1
Michel & Augustin,1
Michel Et Augustin,1
Michel et Augustin,3
Mido,2
Miel l'Apiculteur,2
Mielle,1
Mighty,1
Mighty Pea,1
"Mike Mitchell's, Penny",1
Milbona,76
Milbona (Lidl),2
Milbona Lidl,2
"Milbona, Pilos",1
"Milbona, Pilos, Lidl",1
"Milbona, Privatmolkerei Bechtel",2
"Milbona, Vemondo",2
"Milbona,Lidl",3
Milhafre dos Açores,1
Milka,24
Milka Oreo,1
"Milka, Mondelez",4
"Milka, Mondelez, Philadelphia",1
"Milka, Mondelēz",1
"Milka,Mondelez",3
"Milka,Mondelēz",1
"Milka,Oreo",1
"Milka,mondelez",1
Milko,1
"Mille Recettes, Saïd",1
Millies,1
Milram,1
Milsa,1
Milsani,1
"Milsani, Milchhof Albert",1
Mimosa,2
Minor Figures,2
Minute Maid,1
Mira,1
Mirinda,4
Miso Tasty,1
Mission,5
Mister Choc,3
Mister Free'd,1
Misura,9
Mivolis,4
"Mivolis, dm",1
Mix buffet,1
"Mix, Mix buffet",1
Mizkan,1
Mlekovita,2
"Mlekovita,Pilos,Pilos (Lidl)",1
Mockingbird,2
Mogu Mogu,1
Mogu mogu (Sappé),1
Moju,1
Moma,2
Mondariz,4
Mondelez,8
Mondelez International,4
"Mondelez International, Toblerone",1
Mondelez Norge AS,1
"Mondelez, Mondelèz International, Toblerone",1
"Mondelez, Mondelēz International, Philadelphia, Philadelphia - Mondelēz International",1
"Mondelez, Oreo",1
"Mondelez, TUC",1
"Mondelez,Oreo",1
"Mondelez,Tuc",1
"Mondelez,МОРЕНИ",1
"Mondelèz International, Philadelphia",1
Mondeléz,1
Monini,3
Monique Ranou,1
Monique ranou,3
Monoprix,1
Monster,3
Monster Energy,4
Mont Roucous,1
Mont blanc,1
Monte Regale,1
Montezuma,1
Montezuma's,4
Montezuma’s,2
"Montfleuri, Savencia",1
Moorish,1
Morinaga,1
Mornflake,5
"Morrison's The Best, Morrisons",1
Morrisons,14
"Morrisons, Patak s",1
"Morrisons,Unilever",1
Moser Roth,4
Moser Roth Aldi,1
Moulin d'Or,1
Moulin de Valdonne,2
Mousline,5
Mousse chocolat au lait,1
Mr Hughs,1
Mr Organic,1
Mr. Tom,1
Mrs Crimbles,1
Mrs Elswood,1
"Muesli Croustillant, Quaker",2
Muesli Crunchy,1
Mulino Bianco,11
Mulino Bianco pan di stelle,1
Muller,3
Multibev,1
Muszynianka,1
Mutti,16
"Mutti, Baresa",1
"Mutti, Oluf lorentzen as",1
"My Vay, Aldi, DE-VAU-GE Gesundkostwerk, Mona Naturprodukte",1
"Myprotein, My Protein",1
MÉO,1
Méo,1
Müller,3
N.A ! NATURE ADDICTS,1
"N.A!, Nature Addicts",1
"N.A!,N.A! Nature Addicts",1
N?kd,1
NATURE'S BAKERY,1
NATURE’S BAKERY,1
NESCAFÉ Dolce Gusto,1
NEW YORK BAKERY,1
NIPPON,1
NISSIN,1
NOA,1
NONGSHIM,1
"NORDISK KELLOGG'S NORGE NUF, KELLOGG'S",1
NOVALAC,1
Nabisco,2
"Nabisco,Ritz crackers",1
Nairn&#039;s,1
Nairn's,16
Nairn’s,3
Nakd,15
"Nakd, nākd",1
Nakd.,1
Naked,5
Nando's,1
Nando’s,2
Napolact,1
Napolina,15
Natilait,1
National,1
"Natu' & Bon,Vico",1
Natural Happiness,4
Natural Jif,1
Natural hapiness,1
Naturalis,1
Nature Addict,1
Nature De France,1
Nature Valley,26
Nature Valley Crunchy,1
Nature Valley Protein,1
Nature ValleyGeneral Mills,1
Nature de Breton,1
Nature de France,1
Nature valley,3
Nature's Own,2
Nature's Path,1
Nature's Path Organic,2
Nature’s Path,1
Naturis,2
"Naturis, Solevita, Vitafit",1
Naturli,1
Naturli',1
Naturoney,1
Naturya,3
Nautica,2
Nescafe,4
Nescafé,9
Nescafé Azera,2
"Nescafé,Selection",1
Nesquik,2
"Nesquik,Nestlé",1
Nestea,1
Nestle,15
Nestle NIDO,1
Nestle nutrition,1
Nestlé,87
"Nestlé Les Recettes de l'Atelier, Nestlé, Les recettes de l'atelier",1
Nestlé Lindahl's,1
"Nestlé dessert, Tablettes",1
"Nestlé, Bio, Nestle dessert",1
"Nestlé, Cheerios",2
"Nestlé, Chocapic",6
"Nestlé, Chokella",1
"Nestlé, Crunch",1
"Nestlé, Dolce gusto, Nescafe",1
"Nestlé, Fitness",4
"Nestlé, Garden gourmet",4
"Nestlé, Herta, Knacki",1
"Nestlé, Kit kat ball, Kitkat",1
"Nestlé, Kitkat",1
"Nestlé, La Laitière",11
"Nestlé, Le chocolat",1
"Nestlé, Les recettes de l'atelier, Les recettes de l'atelier les carres",1
"Nestlé, Levissima, S.PELLEGRINO",1
"Nestlé, Lion",4
"Nestlé, Lion, Lion bio",1
"Nestlé, Maggi",4
"Nestlé, Menier",1
"Nestlé, Mix",1
"Nestlé, NESTLE DESSERT",1
"Nestlé, NESTLE DESSERT, Tablettes",1
"Nestlé, Nat",1
"Nestlé, Nescafe",1
"Nestlé, Nescafé",2
"Nestlé, Nescafé, Special filtre, Special filtre decaf",1
"Nestlé, Nesquik",11
"Nestlé, Nesquik, Nesquik bio",1
"Nestlé, Nesquik, Nesquik extra choco",1
"Nestlé, Nestle dessert",1
"Nestlé, Nestle fitness no added sugar protein cocoa, Nestle",1
"Nestlé, Nestle nesquik",1
"Nestlé, Nestlé Dessert, Tablettes",1
"Nestlé, Nestlé UK Ltd",1
"Nestlé, Nestlé Waters, Perrier",2
"Nestlé, Nestlé Waters, San Pellegrino",1
"Nestlé, Nestlé Waters, Vittel",1
"Nestlé, Nestlé dessert, Tablettes",1
"Nestlé, Ricore",4
"Nestlé, Ricoré",1
"Nestlé, San Pellegrino",7
"Nestlé, San Pellegrino, Momenti, Sanpellegrino",2
"Nestlé, Thomy, Nestlé Thomy",1
"Nestlé, Winiary",1
"Nestlé, Yaos",1
"Nestlé,Caro,Ricore",1
"Nestlé,Chocapic",1
"Nestlé,Extrafino",1
"Nestlé,Fitness",1
"Nestlé,Garden gourmet",1
"Nestlé,La Laitière",1
"Nestlé,Le lait concentre sucre",1
"Nestlé,Nes,Nescafe",1
"Nestlé,Nescafe,Special filtre",1
"Nestlé,Nescafé Gold,Nescafé",1
"Nestlé,Nescafé, Special filtre",1
"Nestlé,Nescafé,Special filtre",1
"Nestlé,Nesquik",2
"Nestlé,Nestlé Dessert,Tablettes",1
"Nestlé,Nestlé Waters,San Pellegrino",1
"Nestlé,nescafe",1
"NestléNesquik, Nestlé, Nesquik",1
Neuhauser,1
Nevill's,1
New Covent Garden,1
New Covent Garden Soup Co,3
New Covent Garden Soup Co.,1
New York Bakery,1
New York Bakery Co,4
New York Bakery Co.,2
Newgate,3
Nexba,2
Nielsen-Massey,1
Nissin,6
Nixe,9
Nixe Lidl Stiftung & Co. KG,1
"Nixe, lidl",1
Nocilla,6
Noel,2
Noiseraie,1
Nomadic,2
Nongshim,2
Nooco,3
Noodlicious,2
Noody,1
Nordpack,1
Nordpak,2
"Norma, toque du chef",1
Nos Régions Ont Du Talent,1
Nos Régions ont du Talent,1
Nos regions ont du talent,1
Novalac,1
Novi,4
Nudossi,1
Nurishh,1
"Nustikao, NustikaoMarque Repère",1
Nutella,6
Nutella Ferrero,1
"Nutella, Ferrero",1
"Nutella,Ferrero",1
Nutoka,1
Nutri-brex,1
Nutrition sante,1
Nuts About Nature,2
"Nākd, Nakd",1
OASIS,1
OAT-LY!,1
OLD EL PASO,1
OLUF LORENTZEN AS,3
OPTIMUM NUTRITION,1
ORBIT,1
OREO,1
"OXO, Vivat",1
Oasis,8
"Oasis tropical, oasis",1
"Oasis,Oasis Tropical",2
"Oasis,Oasis tropical",2
"Oasis,Oasis tropical,Orangina Schweppes",1
"Oasis,Orangina Schweppes France",1
Oatly,19
Oatly!,2
Ocean Sea,4
Ocean Spray,4
Ocean's Essentials,1
Odyssée,2
Oeufs de  france,1
Off The Eaten Path,2
Old El Paso,14
Old El Paso (General Mills),1
"Old El Paso, General Mills",1
Old Spice,1
Old el paso,3
Olivio,1
Olla,1
Oluf lorentzen as,2
"Oluf lorentzen as, De Cecco",1
"Oluf lorentzen as, Mutti",1
Olympia,1
Olympus,1
Oléo,1
Oléor,1
Ondine,1
One Day More,3
One Degree Organic Foods,1
Onken,5
Optimum Nutrition,1
Options,1
Optisana,1
Or Blanc,2
Orangina,9
Orangina - Schweppes,1
"Orangina Schweppes France,Pulco,Schweppes International Limited",1
"Orangina Schweppes, Schweppes",1
"Orangina Schweppes,Schweppes",1
"Orangina, Orangina Schweppes France, Schweppes International Limited",1
"Orangina, Orangina Schweppes, Schweppes",1
Oreo,8
"Oreo,Mondelēz",1
Orgain,2
Organic Mamia,1
Organix,6
Original,1
Orlando,2
Oulmès,1
Ovaltine,1
Ovitale,1
Ovive,3
Ovo maltine,1
Ovomaltine,6
Oxo,3
P'TIT LOUIS,1
"P'tit Déli,Marque  Repère",1
P.A.N.,1
PANZANI,1
PATE FEUILLETÉE,1
PESCADA,1
PESCAMAR,1
PETIT NAVIRE,1
PHILADELPHIA,3
PITCH,2
PLEIN SUD,1
POMPOTES,1
POMS,1
POULAIN,1
PRIMADONNA,1
PRIME,4
PRINCES,1
PRINGLES,2
PROZIS,1
PRÉSIDENT,2
Pagen,2
Pago,5
Palma,1
Panda,1
Panier de Yoplait,2
"Panier de Yoplait, Yoplait",1
"Panier de Yoplait,Yoplait",1
Panzani,33
Papadopoulos,2
Paquito,5
Parachute,1
Parmentier,6
Pascual,2
Pasquier,12
Pastoret,1
Patak's,8
Patak’s,2
Paterson's,1
Paterson’s,1
Paturages,4
Paulaner,2
Paulig,1
Pavesi,3
Paxo,2
Paysan Breton,9
Paysan breton,1
"Pearl River Bridge, guandong pro bio tech",1
Pelletier,1
Penn State,2
Peperami,1
Pepperidge Farm,1
Pepsi,10
Pepsi cola,1
"Pepsi zero, PepsiCo",1
PepsiCo,1
"PepsiCo, Quaker",2
Pepsico,1
Peripella,1
"Perle de Lait, Yoplait",2
Perly,2
Perrier,3
PerrierNestlé WatersNestlé,1
Pescada,1
Peter's Yard,4
Peter’s Yard,2
Petit Navire,18
Petit Navire Donini Collezione,1
"Petit Yoplait, Yoplait",1
Petit navire,3
"Petit yoplait 0%,Yoplait",1
"Petit yoplait std, Yoplait",2
Petitjean,2
"Petits filous pots, Yoplait",1
Pharmalife,1
Philadelphia,18
Philip Morris,1
Piadina,1
Picard,40
Piccadeli,1
Pick Up,1
Pierre Martinet,13
Pikarome,2
Pikok,1
Pilgrims Choice,2
Pilgrim’s Choice,1
Pilos,14
Pilos ( Lidl ),1
Pilos / LIDL,1
"Pilos, Lidl",1
"Pilos,Lidl",1
Pip & Nut,8
Pipas de la casa,1
Pipers,2
Pipers Crisps Pipers,1
"Pipers, Pipers Crisp Co",1
"Pipers, Trade Mark",1
Piquitos San Roque,1
Piráti,1
Pita original,1
Pitch,1
Pizza Express,5
Piątnica,2
Plancoët,1
Plant Menu,1
Plant Pioneers,1
Plant menu,1
Planta Fin,2
Plein Air,1
Plenish,8
Poilâne,1
Pollen + grace,1
Pom-Bear,1
"Pom-Bär, funny-frisch",1
Ponti,1
Popchips,5
Popper Corn,1
Popworks,1
Post,2
"Post Consumer Brands, Post",1
Pot Noodle,1
Pott's,1
Potts,1
Potts',1
Poulain,18
Preferred Selection,1
President,9
"President,Lactalis",1
Pressade,2
Priccadeli,1
Primadonna,7
"Primadonna, Primadonna Bio",1
Primal Kitchen,1
Prime,1
Prime Burger,1
"Prime, Prime Hydration",1
Primevere,1
Primevère,9
Primor,1
Princes,2
Pringles,26
"Pringles, Pringles - Kellogg",1
ProActiv,2
Promise Gluten Free,2
Proper,10
Proper Corn,3
Propercorn,1
"Propercorn,John West",1
Protein Go on,1
Prozis,1
Président,25
Puck,1
Puget,9
Pulco,8
Puleva,2
Pure,1
Pure South Press Co,1
Pure Via,5
"Pure Via, Whole Earth, Whole Earth Sweetener Co.",1
PÂTURAGES,1
Páturages,5
Pâturages,8
"Pâturages, Sélection Intermarché",3
Pågen,5
Père Dodu,2
Pêcheries Basques,2
Pêcheries Sétoises,1
QUAKER,2
QUAKER OATS,3
Quacker (Oat So Simple),1
Quaker,16
Quaker Oats,3
"Quaker, Quaker Oats",1
"Quellbrunn, naturell aldi",1
Quorn,11
Quézac,1
RAFII,1
RAFiI,1
RANA,1
RAO'S HOMEMADE,1
REEVA,1
REGENT\'S PARK,1
REM,1
REWE Beste Wahl,1
REWE Bio,1
RIANS,1
RIGONI DI ASIAGO,1
RIGONI DI ASIAGO BIO,1
RITTER SPORT,3
"ROBINSONS, Robertsons",1
ROYCO,1
RUDE HEALTH,1
RXBAR,3
RYVITA,4
Rachel's Organic,1
Rachel's organic,1
"Rachel's,Rachel's Organic",2
Rafii,1
Raibi Jamila,1
Rakusen's,1
Rakusen's of Yorkshire,1
Rama,3
"Rama, Rama von Upfield Deutschland",1
"Rama, Upfield GmbH",1
Ramona's,2
Rana,7
Rapso,1
Rapunzel,2
Raw Bar,1
Raynal & Roquelaure,1
Raynal et Roquelaure,1
"Ready break, Weetabix",1
Ready brek,1
Real Foods,1
Real Thai,2
Red Bull,6
"Red Bull, حلال",1
Red BullOrginal,1
Red's,1
Reda Food,1
Reflets de France,1
Regain,2
"Regain, Regain Bio",1
"Regain, Regain bio",1
Regent's Park,1
Regilait,2
Reina,3
Reine de Dijon,1
Reinert,2
Remedy,4
"Remedy, Remedy Drinks, Remedy Kombucha",1
Revey Tchico,1
Rewe Bio,1
"Rewe, ja!",1
Rians,4
Ribena,2
Ricard,1
Rice Up,1
Rice Up!,1
Rice up!,1
Richmond,2
Ricola,14
Riden,1
Rifnuts,1
Rigoni Di Asiago,1
Rigoni di Asiago,6
Rinomicine,1
Rio Mare,3
Risi,3
Ritter SPORT,1
Ritter Sport,1
Ritz Bakery,1
Rivercote,11
Rivercote (LIDL),1
"Rivercote, Lidl",2
"Rivercote, Tastino, Lidl",1
Riya's,2
Robinsons,6
Rocchetta,1
Rocheval,1
"Rocheval, Aldi",1
Rocks,3
Roger,1
Romaqua Group,1
Rose's,1
Roshen,3
Rostar Bg,1
Rostoy,3
Rostoy Selección,1
Rowan Hill,2
Rowan Hill Bakery,5
Rowse,11
"Royal, Mondelez",1
Royco,3
RoycoCampbell's,1
Rozana,1
Rude health,5
Rummo,3
Rustica,1
Ryvita,7
Ryvita Thins Three Cheese,1
Récemment consommé,1
Régilait,4
Régilait®,1
Révey,4
Rügenwalder Mühle,13
S.PELLEGRINO,1
SADAPACK,1
SAINT ALBY,2
"SAINT-LOUP SUR THOUET, Saint-Loup, Savencia",1
SALADINETTES,1
SALAKIS,1
SAVEURS DE NOS RÉGIONS,1
SAÏDA,2
SCHOLETTA,1
SCHWEPPES,1
SELECTION,1
SEPIA,1
SICAM,1
SIMPLEMENT BON ET BIO,1
SKIPPY,2
SO,1
SO GOOD,1
SONDEY,1
SOS,1
"ST MÔRET, Savencia",1
ST Pierre,1
STORCK,1
SYRUP,1
Sabra,2
Sabrine,1
Sabroz,1
Saclà,6
Safia,1
"Safia,Sfbt",1
"Safia,Sfbt,صافية",1
Saguaro,6
Saida,1
Sainsbury,3
Sainsbury's,83
Sainsbury's Basics,1
Sainsbury's So Organic,1
Sainsbury's Taste The Difference,1
Sainsbury's Taste the Difference,3
Sainsbury's Taste the difference,2
Sainsbury's basics,1
Sainsbury's taste the difference,2
"Sainsbury's taste the difference, Sainsbury's",1
"Sainsbury's, By Sainsbury's",1
"Sainsbury's, By sainsbury's",3
"Sainsbury's, By sainsbury's, Sainsburys",1
"Sainsbury's, Greencane paper",1
"Sainsbury's, Sainsbury's SO Organic",1
"Sainsbury's, Sainsbury's basic",1
"Sainsbury's, Sainsbury's basics",1
"Sainsbury's, Sainsburys Taste the Difference Taste the difference",1
"Sainsbury's, Sainsburys, By sainsbury's",1
"Sainsbury's, So Organic",1
"Sainsbury's, Stamford Street Co",1
"Sainsbury's, Taste the difference",1
"Sainsbury's, Tilda",1
"Sainsbury's, by Sainsbury's",1
"Sainsbury's,Hubbard's Foodstore",1
"Sainsbury's,Sainsburys",1
"Sainsbury's,So Organic",2
"Sainsbury's,The pet shop",1
"Sainsbury's,by sainsbury's",5
Sainsburys,15
Sainsburys Taste the Difference,1
"Sainsburys, Tesco",1
"Sainsburys,By sainsbury's",1
"Sainsburys,Sainsbury's",2
Sainsbury’s,5
Sainsbury’s Organic,1
Sainsbury’s sourdough bloomer,1
"Sainsbury’s, by sainsbury's",1
Sainsbury’s￼,1
Saint Agaûne,1
Saint Agur,1
"Saint Agur, Savencia",3
"Saint Albray, Savencia",1
Saint Alby,4
Saint Eloi,3
"Saint Hubert,St hubert omega 3",1
"Saint Louis Sucre, Saint-Louis, Tutti free",1
Saint Michel,2
Saint amand,1
Saint eloi,4
Saint jean,1
Saint louis,5
Saint moret,1
Saint-Antonin,1
Saint-malo,1
Saintsbury's,1
Saladinettes,6
"Saladinettes,Lidl",1
Salakis,1
Salim,2
Salvetat,1
Samia,3
Samyang,2
San Benedetto,2
San Miguel,1
San Nicasio,1
"San Pellegrino, Nestlé",3
"San Pellegrino,Nestlé",1
Sania,1
Sanitarium,1
"Sanpellegrino,San Pellegrino,Nestlé",1
Sans marque,1
Sant'Anna,2
Sante,7
Sante A. Kowalski sp. j.,1
Sante A.Kowalski sp.j,1
Santé,4
Sappe Public Company Limited,2
Sarl diar ezarga,1
Sarson's,2
Saskia,2
Satono Yuki,1
Sauce Shop,2
Saupiquet,16
"Savencia, St Moret",4
"Savencia, St Môret",1
"Savencia, St moret",1
"Savencia, Tartare",2
"Savencia,St moret",1
"Savencia,Tartare",1
Saveurs de nos Regions,1
Saveurs de nos Régions,5
"Saveurs de nos Régions,LIDL",1
Saveurs de nos regions,1
Saveurs de nos régions,1
Savola Morocco,1
Savour Bakes,13
Saxa,2
Saïda,1
Sboula,1
Schar,5
Schneider Brot,2
Schogetten,3
Schweppes,9
"Schweppes,Coca Cola",1
SchweppesOrangina Schweppes,1
Schär,14
"Schär,ARVID NORDQUIST NORGE AS",1
Schätze des Orients,1
Scott,1
Scott’s,1
Seabrook,1
Season,1
Seeberger,12
Seeds of Change,1
Select&go,1
"Sensations, Walkers",1
Senseo,1
Sharwood's,3
"Sharwood's,Premier Foods",1
Sharwood’s,1
Sheldon's,1
Shär Gluten-Free,1
Sicam,1
Sidi Ali,3
Sidi Harazem,1
Sidi ali,1
"Sidi ali,lesaux oulmes",1
Siggi's,12
Siggi’s,1
"Signature chocolate, Starbucks",1
Silk,1
Silver Spoon,2
Simple Mills,1
Simplement Bon Et Bio,1
Simplement Bon et Bio,1
Simply,2
"Simply M&S,Marks & Spencer",1
Simply Sumptuous,1
Simply...,2
"Sirop Sport, sport",1
Siroperie Meurens,1
Skinny,1
SkinnyPop,1
Skippy,5
Skyr,1
"Skyr, Danone",3
Smiths,1
Smucker's,1
Snack A Jacks,1
Snack Day,6
"Snack Day, Lidl",1
Snack a Jacks,3
Snack day,1
Snack-A-Jacks,1
SnackaJacks,1
Snackrite,2
Snacks of The World,3
Snacks of the world,1
Snaktastic,2
Snaptastic,1
Snickers,4
Société,1
Sodebo,15
"Sodebo, cremiobox",1
"Sodebo, mon atelier salade",1
"Sodebo, pasta xtrem",2
"Sodebo, pastabox",1
"Sodebo, pizza crust",1
"Sodebo, salade & compagnie",1
Soignon,12
Sojade,5
Sojasun,14
"Sol & Mar, Lidl, Lidl Sol & Mar",1
Sol de Alba,1
"Sol&Mar, Freshona",1
Solesta,2
Solevita,10
"Solevita, Italiamo",1
"Solevita, Lidl",1
Solution pharm,1
Solán de cabras,1
Soléou,3
Solís,1
Sondey,23
Sondey (Lidl),1
"Sondey, Bio Organic",1
"Sondey,Lidl",2
SondeyBelgix,1
Soreen,6
Soummam,2
Soummam 20da,1
Soummam 25da,1
Sous le pommier,1
Soy,5
Soyasun,1
Special K,2
Specially Selected,13
"Specially Selected, Aldi",1
"Specially Selected,Aldi",1
Specially selected,1
Spoon,1
Sprite,7
"Sprite, The Coca-Cola Company",1
"Sprite, The Coca-Cola Company, Coca-Cola Europacific Partners DE",1
Sriracha hot chilli sauce,1
"St Helen's, St Helen's Farm",1
St Hubert,3
"St Hubert, St Hubert Oméga 3",1
"St Hubert, St hubert bio, St hubert bio & vegetal",1
"St Hubert, St hubert bio, St hubert omega 3",1
"St Hubert, St hubert omega 3",10
"St Hubert,St Hubert Oméga 3",2
"St Hubert,St hubert 41",3
St Michel,23
St Môret,1
St Pierre,1
"St hubert bio, St hubert bio & vegetal, st Hubert",1
St michel,2
"St yorre,VichyST Yorre",1
St. Dalfour,2
Stamford Street Co.,1
Star,37
Star moutarde de Dijon,1
Starbucks,1
Steinburg,1
Stella Artois,1
Sting,2
Stoats,1
Stockan's,1
Stockwell,2
"Stockwell & Co, Tesco",2
Stockwell & Co.,4
Stokes,4
Stonemill,1
Storck,4
"Storck,Toffifee",1
Stork,1
Strings and Things,1
Strings and things,1
Strong Roots,5
Stute,1
Stéphanie Janah Freres,1
Suchard,2
"Suchard, Suchard rocher",1
Sudocrem,1
Sultan,6
Sultan 1936,1
Sultan CHAARA,1
Summ,1
Summa,1
Sun,1
Sun Bites,1
Sun Hee,2
Sun-Pat,1
"Sunbites,PepsiCo",1
Sunny Bio,2
Sunny Delight,1
Sunny Via,1
Surreal,1
Suzi Wan,16
Suzi wan,1
Sweet Bay Ray’s,1
Sweet Chilli,1
Sweet Freedom,2
Swizzels,1
Süsse,1
"T&C Bio, Terres & Céréales bio",1
TABLIER BLANC,1
TAMARA,1
TAOUS,1
TARTI'BON,1
TASTINO,1
TERRA DELYSSA,1
TERRES & CÉRÉALES BIO,1
TERRES ET CÉRÉALES,1
TESCO,6
TESCO finest,2
TET,1
THE COCA-COLA COMPANY,1
THE FISHMONGER,1
"THOMY, Nestlé",1
TIJEN WATER,1
TOBLERONE,1
TOO GOOD,1
TOPS,1
TOQUE DU CHEF,1
TOURTEL Tourtel Twist Tourtel Twist Peche,1
"TOURTEL Twist,Tourtel,Tourtel Twist Framboise",1
"TOURTEL,Tourtel Twist,Tourtel Twist Citron",1
TRIP,1
TROPICOCO,1
TWININGS,1
TYRRELL'S,1
Tables du Monde,1
Tablier Blanc,1
Tagine,1
Taifun,6
Tailor & Colledge,1
Tajin,1
Takis,1
"Takis, Bimbo",1
Tanoshi,9
Tartare,1
"Tarte en or, Herta",1
Tartines &cuisson,1
Taste Of,2
"Taste Of,Lidl",1
Taste The Difference,1
Taste of,2
Taste of China,1
Taste the difference,1
"Taste the difference, Sainsbury's",1
"Taste the difference,Sainsbury's",2
Tastini,1
Tastino,2
Taureau Ailé,5
Taylors of Harrogate,2
Teisseire,8
"Teisseire,Teisseire zéro",1
TeisseireFruit Shoot,1
"Tendre, jouda",1
Terra Creta Estate,1
Terra Delyssa,7
Terres & Céréales BIO,1
Terres & Céréales Bio,3
Terres et Céréales,4
Terres et Céréales BIO,1
Terres et Céréales Bio,2
Terres et Céréales bio,2
Terres et céréales Bio,1
Terres et céréales bio,1
Terry's,1
Tesco,265
Tesco - The Grower's Harvest,1
Tesco Finest,12
"Tesco Finest, Tesco",1
Tesco finest,2
"Tesco,Iceland",1
Thai Dragon,1
That's it.,1
The Bakery at Asda,1
The Bridge,1
"The Bridge, the bridge la familiglia organic",1
The Coca Cola Company,1
The Coca-Cola Company,2
The Coconut Collab,2
The Collective,5
The Deli,1
"The Deli,aldi",1
The Fishmonger Aldi,1
"The Fishmonger, Aldi",1
The Food Doctor,1
The Foodie Market,14
"The Foodie Market, Aldi",3
"The Foodie Market, Aldi, Aldi The Foodie Market",1
The Foraging Fox,1
The Groovy Food Company,2
"The Grower's Harvest, Tesco",1
The Gym Kitchen,1
The Heart of Nature,1
The Juice Company,1
The Laughing Cow,2
The Natural Confectionary Co.,1
The Northern Dough Co.,1
The Original Oatly,1
The Paleo Foods Co,1
The Paleo Foods Co.,1
The Pantry,2
The Rustik Bakery,3
The Spice Tailor,5
The Tofoo Co,1
The Tofoo Co.,4
The Tofoo Company,1
The Vegetarian Butcher,1
The Village Bakery,2
The co-operative loved by us,1
The deli,3
"The groovyfood company, Ecover",1
The growers harvest,1
The tasty catch,1
This,1
This Isn’t Pork,1
This isn't,1
Thomas Tunnock LTD,1
Thomas',1
"Thomy, Nestlé",1
Thonon,1
Tiba Tempeh,1
Tic Tac,1
Tien Shan,2
Tiffany,6
Tiger Bite,1
"Tigullio, Grand’Italia",1
Tilda,11
"Tilda, British Oakham Chicken",1
"Tine sa, Le Rustique",1
Tipiak,16
Tobigo,5
Toblerone,3
Tom,2
Tomato Frito,1
Tomi,2
Tony's Chocolonely,3
Too Good,2
Too GoodFrance,1
TooGood,1
Top Chef,1
Top budget,1
Tops,1
Toque du Chef,6
Toque du Chef Lidl,1
"Toque du Chef, chef select",1
Toren,1
Toro,1
Toscoro,1
Tosfrit,1
Tossolia,1
Tourtel twist,1
Tower Gate,3
"Tradco France, Walima",1
Trader Giotto's,1
Trader Joe's,2
"Trader Joe's, Aldi",1
"Trader Joe's, American",1
Tramier,8
Tranos,1
Trapa,4
Tre Marie,1
Treblec,1
Trek,3
Tria,3
Trident,4
Trip,1
Triscuit,1
Tropicana,17
Tropicana®,1
Tropico,2
Truvia,1
Tuc,3
"Tuc,LU,Mondelēz",1
Tukas,1
Tulipan,2
Tunnock’s,2
Tuong Ot Sriracha,1
"Turini,Marque Repère",1
Twinings,5
"Twinings, Sainsburys",1
"Twinings, Twinings Of London",1
Twix,3
"Twix, Mars",1
Tymbark,1
Tyrell's,1
Tyrrell's,2
Tyrrells,1
Tyrrell’s,4
Tyrrels,1
U,52
"U Bio,U",1
"U, U BIO",1
"U, U Bio",18
"U,U Bio",7
UHU,1
UNILEVER NORGE AS,1
Uliveto,1
Uncle Ben,1
Unearthed,1
Uni-Eagle,1
Unilever,2
Universal Bakery,1
Unknown,1
"Upfield, Fruit d'Or",1
Urban Fruit,1
V.I.P,1
VALOR,1
VEGEMITE,1
VEMONDO,2
"VEMUNDO, Lidl",1
VERGER GOURMAND,1
VILLAGE BAKERY,1
VIP,2
VITA KID'S,1
VITAD'OR,2
VITALIA,1
VITAQUELL,1
Vache Qui Rit,1
Vadasz,3
Vahiné,4
Valencia,10
Valensina,1
Valley Spire,2
Valor,6
Van Houten,3
Van houten,1
Veetee,2
"Veloute, Veloute aux fruits, Velouté Fruix",1
Velpitar,1
Vemondo,26
"Vemondo, Lidl",1
"Vemondo,Lidl",1
Vergers Gourmands,2
Vermondo,1
Very Lazy,1
Vichy,1
Vichy celestins,1
Vico,12
Viennetta - Unilever,1
Viladrau,1
Village Bakery,13
Villars,3
Vimto,1
"Vimto, MAC",1
Violife,6
Vita Coco,5
Vita D'or,3
"Vita D'or,Vita dor,VitaD'or",1
Vita d'or,2
VitaD'or,1
Vitad'or,1
Vital Proteins,1
Vitalait,2
Vitalia,1
Vitalite- suitable for Vegan,1
Vitamin Aqua,1
Vitaquell,1
Vitasia,4
"Vitasia, LIDL VITASIA",1
"Vitasia, Vitasia Lidl",1
Vittel,2
Vivera,2
Vivesoy,1
Vogel’s,1
Volvic,12
"Volvic,Volvic Juicy",1
"Volvic,Volvic juicy",2
Vrai,5
WERTHER'S ORIGINAL,1
WILLIAM SAURIN,2
"WW, Weight Watchers",7
"WW, Weight watchers",1
"WW,Weight Watchers",2
Waitrose,29
Waitrose & Partners,2
Waitrose Duchy Organic,1
"Waitrose Duchy Organic,Duchy Organic,Waitrose",1
Waitrose No 1,1
Walker,1
Walkers,23
Walker’s,1
"Warburton's, Vimto",1
Warburtons,30
Wasa,11
"Wasa, Wasa - Tasty Snacks",1
Wattwiller,1
Wedo,1
Weetabix,21
Weetabix - Conad,1
Weihenstephan,2
Welch's,1
Werther's Original,1
Whaou,1
Whaou !,1
Wheaty,1
Whitworths,2
Whole Earth,10
Whole earth,2
Wicked Kitchen,2
Wilkin & Sons,1
Wilkin & Sons Ltd,1
William Saurin,6
Willow,1
Winarom,1
Wonderful,1
Worldwide Foods,6
"Worldwide Foods, Aldi, Aldi Worldwide Foods",1
"Worldwide Foods,Aldi",1
Worldwide foods,2
Wrights,1
Wrigley's,1
"Wrigleys, Mars GmbH",1
YA,1
YOPLAIT,2
YORKSHIRE PROVENDER,1
Yacon&Co,1
Yakult,1
Ybarra,1
Yeo,1
Yeo Valley,27
Yeo Valley Family farm,1
Yeo Valley Organic,4
Yep Valley Organic,1
Yew tree dairy,1
Yo!,2
"Yop gf, Yoplait",1
"Yop gf,Yoplait",1
"Yop, Yoplait",1
Yoplait,30
"Yoplait, les laitiers responsables",1
YoplaitYop,1
Yorkshire Provender,2
Yorkshire Tea,1
Yorkshire provender,1
Yosoy,2
Youngs,1
"Youngs, Young's",1
Yum Yum,3
"YumYum,ยำยำ",1
Yutaka,5
Zapetti,1
Zentis,2
Zlatna Dobrudzha,1
Zohor,1
Zott,6
Zuzu,2
Zweifel vaya,1
afs,1
aiguebelle,2
aknaz,1
al kasbah,1
alara,1
albane,1
aldi,2
alesto,1
alpro,20
alsa,3
amanpl,1
amora,1
ancel,1
andros,2
arluy,1
"aroy-d, thai-agri-foods-public-company-limited",1
assylor,1
aïn Saiss,1
badoit,1
balconi,1
baleine,1
baresa,1
baxters,1
be,3
bear,1
begin say,1
bel for all for good,1
belVita,2
"belbake, lidl",1
beldi,1
belvita,1
bens original,1
ben’s original,1
best biscuits,1
bimo,3
bio me,1
bio tiful dairy,1
biscarose,1
bjorg,3
blue dragon,1
bluedino,1
boitin + repair,1
bonne maman,3
brioche pasquier,1
budweiser,1
"by Sainsbury's,Sainsbury's",1
by Sainsburys,1
by sainsbury's,2
byluk,1
bé,1
bédina,1
cadbury,1
canderel,2
candia,1
caprice des dieux,1
carlotti,1
castimel,1
cawston press,1
central,1
centrale danone,1
cevital,2
cevital. da100,1
cheetos,1
chef select,1
chergui,2
chipsy d'or,1
clorets,1
co op,1
cola,1
colainord,1
"confipote, materne",1
consumers pride,1
crosse & blackwell,1
crosta & mollica,2
croustipate,1
crownfield,1
céréal bio,1
damti,1
danone,2
"danone, سنطرال دانون",1
daunat,1
dawtona,1
delfy,1
delibreads,1
deliciously ella,3
delphi,1
deluxe,1
dessaux,1
dina,1
dolmio,1
dorset cereals,1
dost,1
doves farm,1
dulcesol,2
dulcetto,1
délice,2
"délice,DANONE",1
eKmeK,1
ebly,1
efor,2
el baraka,3
encona,1
entrmont,1
envia,3
epid'or,1
eridanous,2
ethiquable,1
excelo,4
extra lait,2
extralait,1
fairlife,3
fanta,1
fin CARRÉ,2
fin carre,1
florbu,1
freeway,1
"fritosa,",1
fritz-kola,1
fromagerie Milleret,1
funny-frisch,2
galbusera,1
gastro mixte,3
gerblé,1
gerlinea,1
giba,1
gonga,1
grahams,1
graze,3
great food affairs,1
green tea,1
gullon,1
gullón,4
gullón zero sin azúcares,1
harmony,1
heavenly hunks,1
heinz,2
henrry's,1
henry's,2
hepar 75cl,1
higgidy-family-kitchen,1
holy moly,1
http://x.com,1
ice,5
idna,1
idéal,4
ifoulky aharouay,1
ifri,2
indomie,1
innocent,8
innovit,2
isigny sainte mère,1
it,1
itsu,4
ja!,2
jacksons,1
jannet,1
jaouda,12
javana,1
jibal,2
joker,2
joly,1
joyfood,1
jus,1
kaiser,1
kallo,1
kania,1
kara,1
kelderman German style rye bread,1
kikkoman,1
kinder,2
"kinder,Ferrero",1
kissan,1
knoor,1
knorr,2
ktc,3
l'Atelier Poisson,1
la Boulangère,1
la Hollandaise,1
la Prairie,1
la baleine,1
la belle 120da,1
la boulangère,5
la fournée dorée,1
la hollandaise,1
la laitière,1
la source,1
la vache qui rit,1
lacasa,1
lactel,1
land'or Maroc industries,1
le Berger,1
le berger,2
"le fromager des halles, les petits cirés",1
le jardin de corentin,1
le marsigny,1
le moulin du pivert,1
leader food,1
leka cream,1
les Eaux Minérales d’Oulmes,1
lesieur,2
lidl,3
lidl jd gross,1
"lidl, milbona",1
"lidl, vemondo",1
liebig,2
lilia,1
linea,1
lio,2
lousra,1
lu,4
"lu, LU",1
m&m's,1
maison briau,1
maison tino,1
maitre jeanpierre,1
mamia,1
mams,1
maretti,1
margafrique,1
marjane,1
marks and spencer,2
maroc,1
maître Jean Pierre,1
maître Jean pierre,1
maître prunille,1
mejora,1
merchant gourmet,2
meridian,1
merlin's beverages,1
michoc,2
miel el Aâssal,1
"miko, wall-s",1
milbona,2
milk,1
milky food,1
milky foof,1
millies,1
minor figures,1
mira,1
mission,1
misura,1
mixte,1
modern baker,1
mr organic,1
muesly,1
mulino bianco,1
my milk,1
médicament,1
nairn's,2
nakd,2
naked bacon,1
natural happiness,1
natural set yogurt,1
nature's store,1
nautica,2
ne3ma,1
nestle,3
nocciolata,1
nooco,1
nu3,1
"null, La vache qui rit",1
nutella,2
nutrition-sante,1
nútrail,1
nākd,5
offer,1
oglo,1
ok,1
old El paso,1
origens,1
oued souss,1
p.n.f,1
pago,1
panda,1
panzani,1
pasquier,1
pcd,1
pepsi,1
peripella,1
perly,1
petit billy,1
petit navire,1
pikarome,1
planta fin,1
plants,1
plenish,1
popchips,1
premier protein,1
pressade,1
pringles,2
proper,1
purdey's,1
pure via,1
purely elizabeth.,1
quaker,1
rafii,1
raw halo,1
reese's,1
rians,1
robinsons,1
royco,1
rubies,1
s.a schweppes international,1
saguaro,1
"sainsbury's bakery,Sainsbury's",1
sainsburys,1
saint alby,1
salim,1
samar,1
sante,1
sauce shop,1
saveurs de nos régions,1
saïda,1
schar,1
schwartz,1
schwarzwaldmilch,1
sidi ali,1
siggi's,1
simpl,1
smartwater,1
smashing strawberry,1
snacks of the world,2
sodebo,2
soignon,1
solis,1
sondey,2
soraya,1
soreen,1
sos,1
"soummam, Soummam",1
spa,1
specially-selected,1
st dalfour,1
st hubert,1
star,3
stoats,1
suny bites,1
suzi wan,1
taifun,1
talberjt,2
tam,1
tammy,1
"taste the difference, Sainsbury's taste the difference",1
tastino,1
tesco,3
the jolly hog,1
the-coconut-collab,1
the-groovy-food-company,1
theSnack organisation,1
this,1
tictac,1
tosfrit,1
tramier,1
trapa,1
triscuit,1
twinings,2
uncle Ben,1
undefined,1
unearthed,2
unilever,1
urban fruit,1
vahiné,1
vandemoortele,1
venmondo,1
violife,1
vital,1
vitalya,1
vitamin aqua,1
vmm,1
wafer sandwich,1
walkers,4
warburtons,1
wasa,3
wheaty,1
wildfarmed,2
y,1
yoplair,1
yosoy,1
yutaka,1
"yutaka, tazaki foods",1
zuzu,1
ÉLÉPHANT,1
Éléphant,1
Éthiquable,3
Étoile D'Or,1
Étoile d'Or,2
"Ültje, ültje",1
éléphant,1
ültje,1
İlkgün,1
Żywiec Zdrój,2
Боровец,1
Верея,3
Златна Добруджа,1
Краси,1
Натурална минерална вода Велинград,1
الخيرات,1
"الراعي,Le Berger",1
الكف,1
الناس,1
الهدية,1
اولماس,1
بقال,1
حلال,2
رفيع,1
زيت الزيتون واد سوس,1
سلطان,1
سنطرال,1
"شرقي,Chergui",1
كنور,1
كوسومار,1
لاسيگون,1
نلزه,1
ولماس ماء معدني غازي طبيعي,1
