product_name,brand
ÿßŸÉŸàÿßŸÅŸäŸÜÿß,AQUAFINA
Lait,Jaouda
Eau De Source,Cristaline
Fromage blanc nature,MILKY FOOD PROFESSIONAL
uht jaouda 1L,Jaouda
Jben,Jaouda
Ain Sa√Øss,Danone
Eau min√©ral naturelle,Ain atlas
6111035000027,Sidi Ali
,Jaouda
Lait Frais,centrale danone
,lilia
ÿßŸÉŸàÿßŸÅŸäŸÜÿß,pepsi
levure p√¢tisserie,
Ain Saiss Eau Minerale Naturelle,Danone
Yaourt nature,Jaouda
Ain Atlas,Eau min√©rale naturelle
Ger√∂stete Mandel Ohne Zucker,alpro
Star Branded Iodized Salt,Star
Ciel,THE COCA-COLA COMPANY
Ciel 33cl,Ciel
ain saiss 50cl,Danone
Cream cheese,Original
,BAHIA
Oulmes Eau Gazeuse,Oulm√®s
Eau,A√Øn lfrane
Coke Zero,Coca-Cola
A√Øn Atlas 50cl,A√Øn Atlas
Hafer Milch,Alpro
Lait U.H.T entier,Dost
margarine la prairie 225g,la Prairie
Familia 200g,
Eau Min√©rale Naturelle,Volvic
Tartine Doux,Primev√®re
A√Øn Soltane,ÿ≥ŸÑÿ∑ÿßŸÜ
Eau de table,Ciel
,Star
,lio
ŸÖÿßÿ±ÿ∫ÿ±ŸäŸÜ ÿßŸÑŸÖÿßÿ¶ÿØÿ©,Lilia
Jebli,"Centrale, Danone, Jebli"
S. Pellegrino Water,"Nestl√©,Nestl√© Waters,San Pellegrino"
Primev√®re bio doux tartine & cuisson,Primev√®re
Eyoo cover,EXCELO
La salvetat,"Danone,La Salvetat"
LBEN CARTON PASTEURISER,Jaouda
Le bon lait,Albane
Le Lait demi √©cr√©m√©,Jaouda
Lait Frais 15 jours,Chergui
"Bahia, Eau De Table",Bahia
La prairie classique,margafrique
,Coca-Cola
Coca-Cola Zero Sugar,Coca-Cola
Sardines Huile d'Olive Vierge Extra,Parmentier
"Huile de table √©quilibr√©e riche en vitamines A,E,D3",Lesieur
Eau min√©rale naturelle,Mont Roucous
Eau min√©rale naturelle gazeuse,les Eaux Min√©rales d‚ÄôOulmes
Tranches Au Go√ªt Cheddar,Ideal
st hubert bio & v√©g√©tal,st hubert
Assaisonnement aromatis√© au citron,Star
Levure rafiaa,
,VIP
Mayfine,
Delicia double concentre de tomates,Delicia
Tartine doux,Primev√®re
Om√©ga 3¬Æ Doux,"St Hubert, St hubert omega 3"
Cookieüç™ cacao p√©pites Sans Sucre,Gerbl√©
Perly fromage,perly
Eau min√©rale naturelle,Evian
Hule D'olive,ÿ≤Ÿäÿ™ ÿßŸÑÿ≤Ÿäÿ™ŸàŸÜ ŸàÿßÿØ ÿ≥Ÿàÿ≥
double z√©ro Cerise,Danone
Huile d'olive vierge extra,"Lidl,Primadona"
vinaigre de table blanc,efor
Atun,Isabel
Cacao,Id√©al
Houilor,Huilor
Star moutarde 200 g,Star
LINDT EXCELLENCE 100% COCOA,Lindt
Danone (z√©ro sucre ajout√© z√©ro mati√®re grasse),Danone
Om√©ga 3 Doux Tartine & Cuisson,St Hubert
Poudre stevia,Pure Via
Sidi Ali Kids,
Ciel 50cl,Ciel
"Fermentiertes Sojaprodukt, Unges√º√üt",Alpro
PRESIDENT CAMEMBERT 250g,"Lactalis, Pr√©sident"
Lio huile de table,lio
Levure chimique en poudre,alsa
Badoit 1 L PET,BADOIT
Primev√®re Tartine & Cuisson,Primev√®re
Leben JAOUDA,Jaouda
Albane,
HERTA LE BON PARIS Jambon √† l'√©touff√©e sans nitrite x4-140g,"HERTA, Le Bon Paris"
Vitalite Dairy Free Spread,Vitalite- suitable for Vegan
Flora Natural Ingredients Lighter,Flora
Huile d'olive vierge de Maroc,ALHORRA
Lait naturel,Salim
Margarine patissi√®re,Ledda
Chergui Lait,Chergui
Huile Lesieur 3 Graines,Lesieur
Original Doux & cr√©meux,
MARG VITAL OVAL PF 200G,vital
"Alpro Haferdrink, Unges√º√üt 1 L, FRESH",alpro
Huile d'olive,oued souss
A√ØnIfrane,
Pork Sausages,Heck!
Eau,Ain Soltane
Lait sans lactose,Jaouda
Classic,V.I.P
Lait,
Huile d'olive vierge extra Bio Classico,Carapelli
Easy Bake Yeast,Allinson's
Tartine & Cuisson 100% v√©g√©tal,Primev√®re
Huile d‚Äôolive,Primadonna
Cerelac,Nestle
HEPAR,hepar 75cl
SALIM LBEN 440G,
Sabl√© saveur COCO,Gerbl√©
Huile de tournesol,Lesieur Cristal
P√©tillante saveur Citron,"Lidl, Saguaro"
Sidi Harazem,
Huile de table √©quilibr√©e,"Lesieur,Cristal"
Pr√©paration en poudre pour Cr√®me p√¢tissi√®re saveur vanille,Id√©al
cr√®me cuisson,Jaouda
Om√©ga 3,St Hubert
Cuetara Digesta Light 200G Marie Cookies,Cu√©tara
Lio produit,
Hemani Coconut Oil Pure & Natural (400ML),Hemani
lait,Jaouda
St hubert omega 3 255 g doux,"Saint Hubert,St hubert omega 3"
"Alpro¬Æ Mandeldrink Unges√º√üt, 1 L, FRESH",alpro
St Hubert Omega 3 Sans Huile de Palme 500g Doux,"St Hubert, St hubert omega 3"
Olive oil,Fry light
Azeitonas Lidl,Baresa
NYC BAGEL Sesame,NEW YORK BAKERY
Afia,AFIA
ROZANA Eau Min√©rale Naturelle P√©tillante 1.00 L,Rozana
"Alpro Sojadrink, Unges√º√üt 1L",Danone
Extra Virgin Olive Oil,Primadonna
Coca-Cola Zero,Coca-Cola
Tartine & cuisson doux √† tartiner et √† cuire,Primevere
Huile de table,Lio
Aquafina,Pepsi cola
ŸÉÿ±ŸäŸÖŸäŸà,Cremio
Dijon Originale,Maille
Bebida de almendra 0% az√∫cares,Hacendado
ŸÑŸäŸÜŸäÿß,Jaouda
Eau min√©rale,
Huile d'olive bio,PRIMADONNA
,
Mayonnaise,Bol Bol
Lala kheddidja,cevital
COURMAYEUR Eau Min√©rale Naturelle 1.50 L,Courmayeur
PET 1.75L COCA COLA¬Æ Z√àRO,Coca-Cola¬Æ
Pepsi Max,"Pepsi zero, PepsiCo"
Huile d'olive vierge extra,"Carrefour BIO,Carrefour"
Perly,Perly
HERTA LE BON PARIS Jambon sel r√©duit sans nitrite x4-140g,"HERTA, Le Bon Paris"
Huile Isio 4,Lesieur
San Pellegrino,"San Pellegrino, Nestl√©"
Coco Sans Sucres,alpro
MUSCLY FROMAGE 24,"Jaouda, Copag"
Fruit d'Or Om√©ga 3 Doux - Sans huile de palme - 450g,Fruit d'Or
,Unilever
Eau de source de montagne Laqueuille,"Marque Rep√®re, Laqueuille"
Guedila,Guedila
Multivitamin,"Mivolis, dm"
Caf√© moulu pur arabica des petits producteurs,Malongo
Alpro Not Milk,ALPRO
fromage herbes milky food,milky foof
Huile d'olive,Puget
Cookie Chocolat saveur noisette Sans sucres,Gerbl√©
Evian,Evian
"Gerbl√© - Sabl√©s sans sucres saveur citron et Yuzu, 132g (4.7oz)",Gerbl√©
sabl√© s√©same saveur vanille  - Gerbl√© sans sucres,Gerbl√©
,ŸÜŸÑÿ≤Ÿá
CHAUSSEE AUX MOINES 340g,"Lactalis, chauss√©e aux moines"
Huile d'olive vierge extra,Tramier
Nan optipro,Nestl√©
Flocons d'avoine,Bjorg
Hille,
Sel de mer,La baleine
ST HUBERT OMEGA 3 doux 255G,"St Hubert, St hubert omega 3"
Ain soltane 50cl,
Bebida de avena 0% az√∫car,Hacendado
Sabl√© Nature sans sucres,Gerbl√©
Sel Fin,La baleine
Plain Sardines,Conn√©table
Oleor,
tartine vital 400g,
beurre jaouda 100g,Jaouda
Fleur de Colza,Lesieur
Sel fin iod√©,Cerebos
Jben AKNAZ,Aknaz
huile d‚Äôolive vierge extra,tramier
Huile d'olive vierge extra GranFruttato,Monini
Organic virgin coconut oil,Vita d'or
,Coca-Cola
TAM thon entier a l'huile,tam
Wasser Volvic naturelle,Volvic
Dtink happy ana,
PET 1.25L C.COLA ZERO,Coke Z√âRO¬Æ
,Sprite
Sel fin,Chantesel
,Centrale Danone
Eau de source de montagne d'auvergne,Carrefour
Filet de maquereaux au naturel,Saupiquet
"Alpro Mandeldrink Wei√ü Unges√º√üt, Unger√∂stet 1 LT",Alpro
Almond No Sugars,Acti Leaf
MONT BLANC Eau Min√©rale Naturelle 1.50 L,Mont blanc
Organic & unsweetened Almond,Plenish
HuilOr - RICHE EN Vitamine E Om√©ga 3 et 6,
Thon entier au naturel Albacore,Petit Navire
Eau min√©rale naturelle gazeuse 50cl PET,"Nestl√©, Nestl√© Waters, San Pellegrino"
Chickpeas in water,Napolina
Hala,
,Freshona - Lidl
ÿ≠ŸÑŸäÿ® ŸÉŸàŸÜÿØŸäÿß 1 ŸÑÿ™ÿ±,Candia
ProActiv Margarine Tartine Sans Huile de Palme 450g,"Fruit d'Or ProActiv,ProActiv,ProActiv Expert,pro activ"
Raps√∂l,"Vita D'or,Vita dor,VitaD'or"
Natural Coconut Cream,Kara
Red Bull Sugarfree,Red Bull
Afia huile de table,AFIA
Huile d\'olive,Carrefour
,ifri
HERTA LE BON PARIS Jambon √† l'√©touff√©e x4 -170g,"HERTA, Le Bon Paris"
HERTA Blanc Poulet Nature conservation sans nitrite x4 -140g,Herta
Kikkoman Soyasaus glutenfrei,KIKKOMAN
Sucre Pure Via SpecialPatisserie,pure via
Cerelac,nestle
Ghayt,
Kinder Pinguin,Kinder
Queso rallado parmesano,Extra Sapori d'Italia
Organic Extra Virgin Olive Oil,Terra Delyssa
Multigrain Rice Cakes,Savour Bakes
Unsweetened UHT Soya Drink,Actileaf
"Alpro Sojadrink, Unges√º√üt fresh",Alpro
Purified Drinking Water,"Great Value,Wal-Mart Stores Inc."
Organic Soya Unsweetened U.H.T.,Alpro
Cr√®me cuisson,Jaouda
Thon entier au naturel,Nixe
Greek White,Violife
Huile d'Olive Vierge Extra,Puget
Huile d'olive vierge extra - Bio,Puget
L'ben,Soummam
Soya Wholebean Unsweetened Drink U.H.T.,Alpro
Filippo Berio Extra Virgin Olive Oil imp,Filippo Berio
6111184009520,
Salted Butter,Country Life
Coca cola zero,Coca-Cola
Pitted Black Olives in Brine,"Baresa, Lidl"
Danone ALPRO¬Æ Joghurt Soja Natur unges√º√üt,alpro
Joly,Les Conserveries Marocaines Doha
Bahia,
Grana Padano,Milbona
Crispy Chili oil,LAOGANMA
Diet Coke,Coca-Cola
Filet de sardine,Saupiquet
Huile d'olive vierge extra Vivace,Carapelli
Pure collagen,ACTION
Hot sauce,Star
No Sugars Oat Drink,Oatly
"CRISTALINE Eau de Source P√©tillante 0,5L",Cristaline
Soumam nature,Soummam 25da
Cube De Bouillon - Boeuf (beef) - 8 Cubes,Ideal
Huile d'olive vierge extra Classico,Carapelli
K√©fir natural,Hacendado
TAM THON,
Vinaigre de cidre bio,Carrefour BioCarrefour
HERTA Lardons fum√©s conservation sans nitrite - 2x75g,Herta
Zahra Bayane,linea
Chips chili,
ÿ≤Ÿäÿ™ ÿßŸÑŸÖÿßÿ¶ÿØÿ© ÿßŸÑŸÖÿÆÿ™ÿßÿ±ÿ©,Ol√©or
Parmigiano Reggiano,"Casa azzurra, Granarolo"
Aceite de coco virgen,Hacendado
Sunflower Oil,Vita D'or
Sel moulu de Gu√©rande,Le Gu√©randais
Cr√©meux saveur original,Violife
S√º√üstoff,Lidl
Sel fin iod√© et fluor√©,La baleine
Pizzarella premium,Gastro mixte
Baraani,Baraani
"Illy Classico 100% Arabica, 250g",Illy
HERTA LE BON PARIS Jambon √† l'√©touff√©e x6 -255g,"HERTA, Le Bon Paris"
Ice tea,Lipton
Daya mini vani,Chergui
Lactose free UHT milk Jaouda,Jaouda
Nooco,nooco
Sel fin iod√©,C√©r√©bos
Evian 75cl PET,Evian
Extra Virgin Olive Oil,Tesco
Baking Powder,Dr. Oetker
Cerelac,Nestl√©
Olives noires confites d√©noyaut√©es bocal 150g,Tramier
mati√®re grasse,"St Hubert,St Hubert Om√©ga 3"
Spa reine,spa
Sardines huile d'olives et piment,Parmentier
Eau min√©rale,Volvic
Thon entier √† l'huile,
moelleux p√©pites de chocolat,Gerbl√©
St hubert omega 3 demi sel,"St Hubert, St hubert omega 3"
Agua Mineral Natural,Mondariz
Ftoury Fromage Blanc,le berger
Stevia,"Pure Via, Whole Earth, Whole Earth Sweetener Co."
Bournville Cocoa,Cadbury
Afia,Savola Morocco
magdor,Tartines &cuisson
PET 1.25L COCA ZERO CT SICAFE,Coca-Cola
Tramier Optima 1L,Tramier
Eau min√©rale Ifri,Ifri
,Ferrero
Thon entier au nature,Petit Navire
Coconut oil,Bumble bee foods
St hubert omega 3 255 g demi sel,"St Hubert, St hubert omega 3"
"Alpro Fermentiertes Sojaprodukt, Unges√º√üt, Skyr style 400g",alpro
"Coca-Cola Zero 1,25 Liter","Coca-Cola,Coca-Cola Company"
Cristal huile de table,
Special Flakes Chocolate Noir,Crownfield
Huile d'Olive Vierge Extra,"Bio Village, Marque Rep√®re"
Huile C≈ìur de Tournesol,Lesieur
OK Sauce Alg√©rienne,
Ricotta 1%,Jobnaty
Nestl√© Pure Life,Nestl√©
Foie de Morue nature au sel de Gu√©rande 121g Cble,Conn√©table
Sauce Burger (Go√ªt cheese),Star
50G RICOLA CITRON MELISSE,Ricola
Lait Demi √©cr√®me Uht Jaouda,Jaouda
Yogur griego ligero,Hacendado
6111266962774,jaouda
Nature sans sucres,Sojasun
Creamy Original Flavour,violife
Skin Hair Nails,innovit
Extra Virgin Olive Oil,Terra Delyssa
ST HUBERT OMEGA 3 sans sel,"St Hubert, St hubert omega 3"
,Bezoya
"Evian Mineralwasser, PET, 1.5L",Evian
HERTA Lardons nature conservation sans nitrite - 2x75g,Herta
la hollandaise 16p cheddar,La Hollandaise
Confiture de framboise,El Baraka
Vinaigre,Star
ST HUBERT OMEGA doux 510 g Offre D√©couverte,"St Hubert, St hubert omega 3"
FETA AOP GRECQUE,"Fromarsac,Islos,Savencia"
Besbassa,Sarl diar ezarga
Truite fum√©e,Nautica
Cottage Cheese,Pilos
Bebida de soja vainilla 0%,Hacendado
Chili-Limette,Tajin
So soja √† la grecque nature,Sojade
Coca-Cola Zero,Coca-Cola
Vemondo oat milk,"Milbona, Vemondo"
Fast Action Dried Yeast,Tesco
,
Apa,Aqua Carpatica
AMINE,FAMI
,"Fruit d'Or,Becel"
Coca-Cola Zero Sugar 25cl,Coca-Cola
Mais,Golden
Extra Virgin Olive Oil,Terra Delyssa
Eau min√©rale naturelle,Vittel
Nature,Sojade
Pure Life,Nestl√©
Morceaux de Thon nature,Petit Navire
COCOA,HERSHEY'S
Green lentils in water,Sainsbury's
EXTRA VIRGIN OLIVE OIL,Solesta
,Monini
Sardines huile olive,Connetable
Thon entier au naturel,Petit Navire
"Not Milk 1,8",Alpro
,Bellarom
Red Kidney Beans in Water imp,Napolina
Pescada,
Oulmes,
Zohor,Zohor
"ApƒÉ mineralƒÉ naturalƒÉ, natural carbogazoasƒÉ",Borsec
St hubert bio 490 g doux sans huile de palme,"St Hubert, St hubert bio, St hubert bio & vegetal"
St hubert omega 3 bio 230 g doux,"St Hubert, St hubert bio, St hubert omega 3"
Cr√®me chantilly,id√©al
Light,Benecol
Tisane Bien √™tre Bonne Nuit - 20 Sachets,Sultan
Roquefort Soci√©t√©,"Lactalis,Soci√©t√©"
THONON Eau Min√©rale Naturelle 1.5L,Thonon
HERTA Blanc Poulet sel r√©duit sans nitrite x4 140g,Herta
HERTA Allumettes Fum√©es conservation sans nitrite - 2x75g,Herta
Tast of - Basmati Microwave Rice,"Golden sun,Taste of"
Cafe,Nescaf√©
Thon Blanc au Naturel,Conn√©table
,"Bon & Bio,Bon et Bio"
Fromage edam,KROON
Badoit rouge,Badoit
Filets de maquereaux,Petit Navire
Queso Gouda,Hacendado
Eau st Antonin,saguaro
Yaourt brass√© sans sucre,Danone
Le yaourt nature,RAFII
Yaourt ferme Vanille,dost
Conserverie Parmentier sardines,Conserverie Parmentier
,"Lidl, Nixe"
Double Concentrate Orange Squash No Added Sugar,Robinsons
Almond Breeze Unsweetened Low Fat Milk Alternative,Blue Diamond Almonds
Tuna,Princes
Cube de bouillon d√©shydrat√© saveur poulet,damti
St hubert omega 3 255g demi sel,"St Hubert,St Hubert Om√©ga 3"
Sardines √† l‚Äôhuile d‚Äôolive,Conn√©table
Grana padano rape 12 mois aop lc 100g,"Itin√©raire des Saveurs, Les Mousquetaires"
Caf√©,"Jacobs Douwe Egberts, Maxwell House"
Gervais fromage √† la cr√©me,Gervais
Sauce Piquante,Star
Sardines mar citron basilic sans huile 140g Cble,Conn√©table
Huile vierge extra biologique,Cauvin
Thon entier √† l‚Äôhuile d‚Äôolive,LE SAVOUREUX
P√©tillante Saveur Citron vert,"Lidl, Saguaro"
Huile d'Olive Vierge Extra,Puget
SAINT ANTONIN Eau Min√©rale Naturelle Naturelle 1 L,Saint-Antonin
Crem,
Milk Hazelnut,Lindt
Huile d'olive vierge extra - Il Biologico,Costa d'Oro
Napolina Extra Virgin Olive Oil 500Ml,Napolina
Danpak Spreadable Lighter,Lidl
,Id√©al
Sucre arome fleur d‚Äôoranger,
,
Galettes au riz complet BIO 130g,"Intermarch√©, Regain"
Classic extra virgin oil,"Lesieur, Monini"
HERTA LE BON PARIS Jambon √† l'√©touff√©e sans nitrite x6 -210g,"HERTA, Le Bon Paris"
Sesame oil,Tesco
,
HERTA bacon 15T - 150g,Herta
Huile d'olive Bio BO 75cl,Bouton d'or
Edulcorante de Mesa a Base de Ciclamato y Sacarina,Hacendado
Filets de maquereaux au naturel,Conn√©table
,Coca-Cola
PUR ARABICA DES PETITS PRODUCTEURS l'original,Malongo
Sardines huile d olive vierge,Parmentier
Original Made With Sea Salt Baked With 100% Whole Grain Wheat,Triscuit
Greek Feta,Tesco
Healthier Oil for Cooking (Red Palm Fruit & Rapeseed Oil),Carotino
Organic soya drink,Plenish
CHAUSSEE AUX MOINES 450g,"Chaussee aux moines, Lactalis"
St hubert omega 3 750 g doux grand format,"St Hubert, St Hubert Om√©ga 3"
Tartine demi-sel 100% v√©g√©tal,Primev√®re
At√∫n Claro en Aceite de Girasol,Hacendado
,Optisana
Unt de masƒÉ,Pilos
HERTA LE BON PARIS Jambon sel r√©duit x4 - 140g,"HERTA, Le Bon Paris"
Yaourt au lait de ch√®vre,Chergui
50G RICOLA FRAMBOISE MELISSE,Ricola
Sidi Harazem,Sidi Harazem
Yaourts Brass√©s aux Fruits fraise,chergui
Huile d'Olive Vierge Extra Sans R√©sidus de Pesticides,Tramier
fanta tops pomme 1.5l,TOPS
The vert de chine,
Plant Chef Soya Alternative To Plain Yogurt,Tesco
At√∫n Gran Sabor Isabel,Isabel
Cardella Spaghetti,CARDELLA
ÿ≤Ÿäÿ™ ÿßŸÑŸÖÿßÿ¶ÿØÿ© ÿßŸÑŸÖÿÆÿ™ÿßÿ±ÿ©,
Sel de mer fin,La Baleine
Sardines sans ar√™tes au naturel,Conn√©table
Huile de noix 2 Flaschen,Cauvin
Eau min√©rale salveta citron,Salvetat
Pepsi Z√©ro Sleek 33 cl,"Diet pepsi, Pepsi zero, Pepsico"
Nescafe sp√©cial Filtre Bio,"Nestl√©, Nescafe"
"Bl√©, riz rouge, quinoa",C√©r√©al Bio
Huile d'olive vierge extra Bio Delicato,Carapelli
Thon entier au naturel albacore,Petit Navire
Fabric Plasters,"Flora, Superdrug"
Cannelloni beans,Napolina
La brique pur brebis,Lou P√©rac
Sel de Gu√©rande IGP,"Carrefour, Reflets de France"
St Hubert Omega 3 Sans Huile de Palme Demi Sel,"St Hubert, St hubert omega 3"
Deli Reform Das Original,"Deli, Deli Reform, Walter Rau Lebensmittelwerke"
Eau Min√©rale Naturelle des Alpes,"Marque Rep√®re, E.Leclerc, Leclerc"
Supr√™mes souffl√©s Nature 4x120g,Saint jean
Classic Caf√© Soluble,Hacendado
Extra Virgin Olive Oil,La Espa√±ola
"Sprite Zero 1,5L","Sprite, The Coca-Cola Company, Coca-Cola Europacific Partners DE"
Vimto Original Cordial NAS 1L,Vimto
Filet de maqueraux √† la sauce tomate,Filet de maqueraux √† la sauce tomate
Biscuits craquants saveur citron,"Karelea, L√©a nature"
Parmigiano reggiano,Giovanni Ferrari
Volvic essentiel bio,Volvic
Tortitas de Ma√≠z,Lidl
Sirope de agave,Hacendado
Huile vierge de noix de coco bio,VITAD'OR
HERTA Allumettes nature conservation sans nitrite - 2x75g,Herta
Coca Cola z√©ro,"Coca-Cola, Coca-Cola-light"
50G RICOLA EUCALYPTUS,Ricola
Extra Virgin Olive Oil,Filippo Berio
A√Øn sa√Øss citron citron vert,A√Øn Sa√Øs
Eau de table purifi√©e,
Yaourt Coco,ÿ≠ŸÑÿßŸÑ
Nan optipro,
Pulmes bulles d‚Äôorange,
Moelleux saveur citron,Gerbl√©
Gran Padano AOP,Casa Azzurra
Gerolsteiner Medium,Gerolsteiner
Maldon Salt,"HAUGEN-GRUPPEN AS, Maldon"
Purified Water,Member's Mark
Extra Virgin Cold-Pressed Avocado Oil,Pure South Press Co
Bouillon arome boeuf,
Lesieur,Lesieur
Coca-Cola Zero Zero,Coca-Cola
Pure via 65 morceaux,Pure Via
Primev√®re bio doux,Primev√®re
Huile d'olive,Carrefour
Pure via Roux,Pure Via
Mon infusion Bio gingembre citron,√âL√âPHANT
Organic vanilla bean extract,Tailor & Colledge
Hala,
Comt√© Le Montarlier,Pr√©sident
Tartine & Cuisson,"Bio Village, Marque Rep√®re"
"Orge, lentilles vertes, riz rouge au naturel",C√©r√©al Bio
Levure de boulanger Briochin,Alsa
No√®-Quelle Naturell,"Aqua culinaris, Hansa-Heemann AG, Quellbrunn, Sixpack Aqua Aldi, Quellenbrunn"
Beurre L√©ger Doux 40% MG,Pr√©sident
Salmon ahumado en lonchas,Ocean Sea
Al ambar th√© vert en grains,Sultan
Huile d'olive vierge extra,Terra Delyssa
Parachnute 100% Pure Coconut Oil,Parachute
PET 50CL COCA COLA ZERO,Coca-Cola
Huile d'olive vierge extra Bouteille 1L,U
ST HUBERT OMEGA 470 g doux,"St Hubert, St hubert omega 3"
Filets maquereau naturel,"Marque Rep√®re, P√™che Oc√©an"
Eau de source de montagne d'Auvergne,U
Fine gaufre,"Karelea, L√©a nature"
Sardines huile olive v.e. Label Rge 135g Cble,Conn√©table
Lo Salt,Lo Salt
Filets de MAQUEREAUX AU NATUREL,Carrefour
Oliven√∂l,Primadonna
Eritritol y sucralosa,Hacendado
Truvia | Sweetener from the Stevia Leaf - Calorie free,Truvia
Borderfields English Pressed Rapeseed Oil,Borderfields
"Sardine huile tournesol et citron PARMENTIER, bo√Æte 1/6",Parmentier
Cancoillotte IGP fabriqu√©e en Franche-Comt√©,"Carrefour, Reflets de France"
P√¢te de cacahu√®te pindakaas,Calv√©
Kr√§uter Philadelphia,Philadelphia
Margarine omega 3 50% bq 500g,"Bouton d'or, S√©lection Intermarch√©"
Acqua minerale naturale,Uliveto
Oliven√∂l,Primadonna
Carbonated Natural Mineral Water,"Nestl√©, San Pellegrino"
Huile d'olive vierge extra,Puget
Mild olive oil,"Lidl,Primadonna"
Campo verde - Fromage,Campo Verde
Biere bud,budweiser
Huile D'Olive Vierge Extra De Cr√®te,Terra Creta Estate
So Soja! Natural,Sojade
Acqua minerale naturale,"Blues, Eurospin"
HERTA LE BON PARIS Jambon sel r√©duit sans nitrite x6-210g,"HERTA, Le Bon Paris"
Fruit Creations: Orange & Mango,robinsons
Super-Beet Kimchi,Vadasz
Milo,
CHOLULA HOT SAUCE,CHOLULA
Jben jaouda*2,jaouda
Drink Happy Vanille,Jaouda
Lben Pasteuris√©,Central Danone
Coca-Cola sans sucres,Coca-Cola
Thon entier au naturel cuisson vapeur,Petit Navire
Huile d'olive,Puget
Huile d'olive vierge extra,"Carrefour BIO, Carrefour"
HUILE OLIVE VIERGE EXTRA BIO,Sol√©ou
Coca Cola Zero Sugar,Coca Cola
"Aceite de girasol refinado 0,2¬∫",Hacendado
,Saskia
Philadelphia original,Philadelphia
bruschette chips,maretti
Sabroz arroz integral,Brillante
"British Mature Cheddar, Strength 4",Valley Spire
Organic extra virgin coconut oil,"The groovyfood company, Ecover"
Sidi Ali,
Mayonesa,Chosen Foods
Tisane nuit tranquille,Elephant
Sepia Filletes Of Mackerel In Oil,SEPIA
Tuna chunks in spring water,Tesco
Albane,LE NATURE
Lousra,lousra
l'original,St Hubert
Huile vierge de coco,Jardin bio
490g 950g,Baresa
Parmigiano reggiano,"Marque Rep√®re, Les Crois√©s, Tables du Monde"
Stevia,Hacendado
Sardines g√©n√©reuses au piment,Conn√©table
,Hacendado
Zwarte olijven / Olives noires ontpit / d√©noyaut√©es,Baresa
Vegan Bloc Butter,M-Classic
HERTA LE BON PARIS Jambon conservation sans nitrite x2 - 70g,"HERTA, Le Bon Paris"
Extra Virgin Olive Oil,Primadonna
Sauce De Soja,harmony
Sunflower oil,Tesco
Vitamin C 1000 mg,
Th√© vert menthe intense menthe verte & menthe poivr√©e,Lipton
Organic Raspberry Lemonade Kombucha,Remedy
tartiner Greek style kiri,Kiri
Huile d'Olive Vierge Extra Le Moulin Antonin,Le Moulin Antonin
le vrai leben,Albane
,
Thon listao au naturel p√™ch√© ligne 140g,U
Eau de source Sainte C√©cile ou Cristal Roc,Rocheval
Schweppes z√©ro Indian Tonic,Schweppes
Levure chimique,vahin√©
HUILE OLIVE VE BIO,Sol√©ou
Huile d'olive vierge extra Bio Classico,Carapelli
Eau petillante,Saguaro
Morceaux de thon,"Carrefour,Simpl"
Bi√®re Blonde sans alcool 1664,1664
Devin –∏–∑–≤–æ—Ä–Ω–∞,Devin
caff√® in grani classico,JACOBS DOUWE EGBERTS NORGE AS
Parmigiano Reggiano AOP en copeaux,Milbona
Coca-Cola sans sucres sans caf√©ine,Coca-Cola
Robinsons Apple & Blackcurrant,Robinsons
Wrigleys Extra Spearmint 84g,"Extra, Wrigley‚Äôs"
Mama Instant Rice Noodles,Mama
Greenwood verveine,
ProActiv Expert Tartine et Gourmet Sans Huile de Palme,"Fruit d'Or ProActiv, Pro activ, ProActiv, ProActiv Expert"
Olives vertes d√©noyaut√©es -25% sel,Tramier
Thon entier au naturel albacore,Petit Navire
Coca-Cola Zero,Coca-Cola
Th√© vert,twinings
Aceite de oliva virgen extra,Hacendado
Stevia,Hacendado
Truite fum√©e - 120g,Odyss√©e
St hubert bio & vegetal demi sel 230g ss hdp,"St hubert bio, St hubert bio & vegetal, st Hubert"
Infusion Ayurveda,Twinings
Ciclamato y sacarina,Hacendado
Tranches saveur Cheddar,Violife
HERTA LE BON PARIS Jambon sel r√©duit sans nitrite x2 -70g,"HERTA, Le Bon Paris"
Finesse cereale,Chergui
Vegetable Stock Cubes,"Aldi, Bramwells"
Organic Sprouted Pumpkin Seeds Sea Salt,Go Raw
Soif,Jaouda
AQUA CARPATICA,
"PET1,5L SCHW.ZERO INDIAN TONIC","Orangina Schweppes, Schweppes"
Camembert,"Ch√™ne d'Argent, Lidl"
EMMENTAL R√¢p√©,"CARREFOUR CLASSIC', Carrefour"
OPTIMA Bio Olive,Tramier
Th√© vert,Clipper
Aceite de oliva virgen extra gran selecci√≥n,Hacendado
Voda,Essalsabil
Lalla Khedidja,Cevital
S.pellegrino,"Nestl√©, San Pellegrino"
Organic Kombucha Raspberry Lemonade,Remedy
Tuna Chunks in Spring Water,John West
Collagen Peptides,Vital Proteins
Filets de maquereaux,
l√∂slichen Kaffee,Maxwell House
Nuggets Extra Croustillant x10,Le gaulois
Sardines huil.olive extra v.St Gil.,Saveurs de nos R√©gions
Emmental,√âtoile D'Or
Huile d'olive vierge extra,Carrefour
Harina Fina de Ma√≠z,"Maizena,Unilever"
Ricola eucalyptus,Ricola
Sel fin,ChanteSel
SAINT ELOI riz complet cuisson 10 mn √©tui 500gr,Saint Eloi
Violife 100% vegan original flavour slices,Violife
Filets de maquereaux Huile d'Olive Vierge Extra,Petit Navire
Pepsi max,Pepsi
Iodized sea salt,Castello
tonno rio mare oliva,Rio Mare
Essenza - Saveur Citron & Zeste De Citron,"Nestl√©, San Pellegrino"
HERTA LE BON PARIS Jambon au Torchon sans nitrite x4 - 140g,"Le Bon Paris, Herta"
"Olej rzepakowy z pierwszego t≈Çoczenia, filtrowany",Kujawski
water,Compagnie des Pyr√©n√©es
Chewing gum pure fresh,Mentos
Tablette de chocolat 100% cacao vari√©t√©s native P√©rou,Ethiquable
Butter Beans in Water,Napolina
Organic kombucha,"Remedy, Remedy Drinks, Remedy Kombucha"
G√©noise chocolat orange Gerbl√© sans sucres,Gerbl√©
Parmigiano Reggiano AOP 200g,Casa azzurra
Red Bull Sans Sucre,Red Bull
Huile d'olive vierge extra,Carapelli
Smart Water,smartwater
Tuna Chunks in Spring Water,TESCO
Agua mineral,Mondariz
Il casolare,Farchioni
,Hacendado
Mild and light rapeseed oil cooking spray,Fry light
"British Extra Mature Cheddar, Strength 5",Valley Spire
flash,
Sauce bechamel gout fromage,
Cerelac,Nestle
Manyana,Alimani
Chakour Tea,
Croissance,
Bahia,
Moelleux tout chocolat Sans Sucres,Gerbl√©
Huile de tournesol,"Marque Rep√®re, Rustica"
Huile d'olives vierge extra bio,Sol√©ou
"Essentiel Citron, Pamplemouse et Romarin",Volvic
Parmigiano reggiano aop rape 12 mois lc 60g,"Intermarch√©, Itin√©raire des Saveurs, S√©lection Intermarch√©"
Arroz SOS,SOS
Jam√≥n de Trev√©lez,Antonio √Ålvarez
Wrigley's Extra Peppermint,Wrigley's
Sardine Fillets,Season
san nicasio crisps imp,San Nicasio
,VEMONDO
Khayrat 200g,ÿßŸÑÿÆŸäÿ±ÿßÿ™
Fusilli,Cardella
√âl√©phant,√©l√©phant
confiture,
Crispy Seaweed Thins Sea Salt,Itsu
Thon entier Albacore au naturel,"Lidl, Nixe"
Filets de Maquereaux Nature,Petit Navire
Sardines √† l'huile d'olive et herbes de Provence,Parmentier
Sardines de Bretagne,"Carrefour, Reflets de France"
Monster Energy Ultra,Monster Energy
HERTA LE BON PARIS Jambon sel r√©duit x6 -210g,"HERTA, Le Bon Paris"
50G RICOLA MENTHOL,Ricola
Rapeseed Oil,Mazola
Red Kidney Beans,Aldi
Pure fresh mentos,Mentos
Pescada,Pescada
Oliven√∂l,Lidl
Filets de maquereaux nature,Petit Navire
Olives vertes D√©noyaut√©es,Carrefour
"Fromage pasteuris√© Emmental fran√ßais r√¢p√© 29%MG, 200g",U
Huile de colza,"Marque Rep√®re,Rustica"
Orange Menthe,Ricola
Twinning Th√© Vert Menthe,Twinings
Sardines In Extra Virgin Olive Oil,Conn√©table
,Freshona
Marchand de sable,Clipper
Thon entier nature,Saupiquet
Nat√ºrliches Mineralwasser still,ja!
Magarine,Vita D'or
Moulin 5 Baies,Ducros
Crinkle Cut Beetroot in Sweetened Vinegar,Freshona
–ö–∏—Å–µ–ª–æ –º–ª—è–∫–æ –ø–æ –≥—Ä—ä—Ü–∫–∞ —Ä–µ—Ü–µ–ø—Ç–∞,Pilos
HERTA Lardons Fum√©s 200g,Herta
Agua mineral grande,Bronchales
HERTA LE BON PARIS Jambon Fum√© sans nitrite x4 - 140g,"HERTA, Le Bon Paris"
Caldo de pollo,Lidl
Wild Pacific Red Salmon,John West
British Sparkling Spring Water Raspberries,Dash
Sel rose,AM/63
Riz long jaune,Efsane
Skyr v√©g√©tal nature,Sojasun
Yaourt a boir,Jibal
Novalac Lait,NOVALAC
Beef stick,Chomps
Hach√© V√©g√©tal et Gourmand,HappyVore
Kombucha Fraise et P√™che,Nexba
Lben Pasteuris√©,"Albane, Best Milk"
Huile Isio 4 Olive,Lesieur
Shirataki de Konjac,Gayelord Hauser
Cuisson Pratique,planta fin
Rocchetta Naturale,Rocchetta
Tunfisch Filets in Sonnenbl√ºme,"Lidl, Nixe"
L'Olive vierge extra,Cauvin
Eau min√©rale,
Gorgonzola dop piccante,"Lovilio, Milbona"
12 free range British eggs,"Sainsbury's,by sainsbury's"
Organic Extra Virgin Olive Oil,Tesco
Multi-Grain Crackers 6-Seed,Crunchmaster
Pur cacao non sucr√©,Ethiquable
Soya alternative to greek style yogurt,Tesco
Organic Sea Salt Tortilla Chips,Late July
Penne rigate,Cardella
Le nature,jaouda
Oliven√∂l,Deluxe
British Mature Cheddar,Aldi
Emiett√© de Thon le marin√© Citron & Thym,Petit navire
HUILE D'OLIVE  SQUEEZE,Puget
Foie de morue fum√© au bois de h√™tre,Conn√©table
Huile d'olive vierge extra,Terra Delyssa
Tranches de ch√®vre,Soignon
manteiga Magra,Matinal
,ORBIT
100% pure coconut oil,Ktc
Chicles hierbabuena,Hacendado
Champignons coup√©s,Mido
Premium Original Galletas de Soda,Nabisco
Organic Tortilla Chips,Kirkland Signature
Mario thon entier,Mario
Infusion framboise groseille,Elephant
Cola Zero,Coca-Cola
Kombucha Fleur de sureau & Citron,Nexba
,
Sardines Label Rouge huile d'olive,Le Tr√©sor des Dieux
Sardines √† l'huile d'olive vierge extra,Carrefour
Huile vierge de colza bio,"Bio Village, Marque Rep√®re"
Himalaias rock salt,Deluxe (LIDL)
Eau de source non gazeux,Ovitale
Soyasun 100% vegetale,Soyasun
,≈ªywiec Zdr√≥j
FRUIT & BARLEY SUMMER FRUITS,"ROBINSONS, Robertsons"
Tacos,"fritosa,"
Kombucha,Remedy
Eau de source de Montagne (Source Roche des √âcrins),"Rocheval, Aldi"
l'eau,amanpl
Delicia tomate,Delicia
eau min√©rale naturelle,"Eau de Beckerich, Rocheval, Source Oph√©lie"
G√©siers de volaille confits,Le Gaulois
La tomme de brebis,Lou P√©rac
Olives vertes d√©noyaut√©es,Tramier
Huile vierge de colza biologique,Cauvin
mortadella Bologna with pistachios,Dulano
Vinaigre de cidre bouteille en verre de 50cl,BIO U
Le vinaigre de Cidre,Bouton d'or
Il classico Huile d'olive vierge extra,Costa d'Oro
Filets de maquereaux,Carrefour
Grana Padano,Milbona
Instant Kaffee,"Nestl√©,Nescaf√© Gold,Nescaf√©"
Postre Soja Natural,Hacendado
Mineralwasser still,Saskia
Sel de Gu√©rande,Nos regions ont du talent
Galette senior,Bimo
Salmon Fillets,Tesco
Tuna Chunks,John West
LIGHTLY SALTED RICE CAKES,QUAKER
Kombucha,Remedy
Carb Balance Flour Tortilla Wraps,Mission
Mortadella luncheon,Toro
Extra Virgin Olive Oil,Filippo Berio
Noodles,"Bare naked foods, BareNaked Foods"
Petit Beurre Nature sans sucres,"Kar√©l√©a, L√©a Nature"
Fleur de sel de Gu√©rande,Le guerandais
Huile de Colza,Carrefour
Zero Sugar,Coca-Cola
Oliven√∂l,Monini
Parma Ham slices,"Goldoni Annibale Prosciutti S.R.L,Parma"
V√©ritable cassoulet de Castelnaudary,"Lidl, saveurs de nos r√©gions"
Niegazowany,≈ªywiec Zdr√≥j
Qualita Oro,Lavazza
Acqua minerale,Lete
Coca-Cola Zero,Coca Cola
50G RICOLA CASSIS,Ricola
Parmigiano Reggiano,Tesco
Like Chicken,Like Meat
HERTA Bacon CSN 10T,Herta
Shredded Wheat'n Bran,"Post Consumer Brands, Post"
Lesieur 475g mayonnaise,Lesieur
Leader Chips,
Water,
Kaugummi WRIGLEY'S Extra Fresh Strong Mint (blau) 70g Dose,"Wrigleys, Mars GmbH"
Huile d'olive extra vierge zero r√©sidu de pesticides,Terra Delyssa
Amlou √† base d‚ÄôArachide,
Solesta Olive Oil,Aldi
Baking Powder,Alsa
Comt√© 15 mois,Jura flore
Olives vertes d√©noyaut√©es,"Marque Rep√®re,Rustica"
Filet de harengs doux,Delpierre
Badoit Zest Citron,Badoit
Cornichons Extra-fins aux 5 √©pices et aromates,"Carrefour, Groupe Carrefour"
Chocolat noir √† la pointe de sel,J.D. Gross
Sardinillas en aceite de oliva,Hacendado
Thon entier Nature,Saupiquet
St hubert omega 3 600 g doux format special,"St Hubert, St hubert omega 3"
CAUVIN - Huile vierge de s√©same grill√© BIO,Cauvin
Eau de source de montagne Laqueuille,Marque Rep√®re
Bonbons aux plantes,Ricola
Huile de p√©pins de raisin,Lesieur
Goldfish,Pepperidge Farm
Extra Virgin Olive Oil,Filippo Berio
Infusion bio d√©tox,Elephant
Gouda Holland jeune,milbona
Bebida De Avena,yosoy
Grana padano,Aldi
Konjac Noodles,Vitasia
tartine vital 450g daira,
Spaghetti,Tria
Baked Green Pea Snacks Lightly Salted,"Calbee, Harvest Snaps"
Latte avena senza zucchero,Oatly
Boisson p√©tillante saveur citron,Perrier
yaourt √† boire sans lactose,Jaouda
,
Sugarly,Canderel
Th√© vert saveur citron 25 sachets de 2 g,twinings
Aqua Carpatica,Carpatica
Huile vierge de colza,"Carrefour BIO, Carrefour"
Eau min√©rale naturelle,Planco√´t
Bonbons Ricola aux Plantes,Ricola
Maquereaux fum√© poivre,Delpierre
Riz basmati bio 500g,Saint Eloi
Naturalis -  Still,Naturalis
Chicles Menta,Hacendado
Monster Energy Ultra,Monster
HERTA LE BON PARIS Jambon √† l'√©touff√©e sans nitrite x8 -280g,"HERTA, Le Bon Paris"
HERTA LE BON PARIS Jambon torchon sel r√©duit ss nitrite x4,"HERTA, Le Bon Paris"
Gorgonzola DOP mild,"Igor, Lidl, Milbona"
Brown Basmati Rice,Tilda
Quixo gravy granules,Aldi
Mentos pure fresh,Mentos
Th√© vert menthe,Lipton
Tesco Italian GRTD Parmesan Cheese 100 G,Tesco
,Mentos
Parma ham,Tesco
Trident peppermint flavor,Trident
Mejora,
Honey,castimel
risso,vandemoortele
Speculoos sans sucres,"KAR√âL√âA, L√©a Nature"
√âmiett√© de thon Le Marin√© basilic,Petit Navire
Huile d'olive vierge extra bouteille de 75cl,"U,U Bio"
Emmental,Carrefour
Sel -33 % sodium,C√©r√©bos
Chocolat Villars Noir 70% Sans sucre ajout√© 100g,Villars
Huile de noix,"Marque Rep√®re, Rustica"
Sardines sans ar√™tes au citron et √† l'huile d'olive vierge extra,Conn√©table
Huile d'olive Bouteille 50cL,U
Huile de colza Bouteille 1L,U
Emmental r√¢p√©,simpl
M√©lange 4 huiles,Carrefour Classic
Emmental r√¢p√© fondant,Carrefour
Huile d'olive vierge extra,Carapelli
Albacore Tuna | In Brine,Conn√©table
atum em posta em √≥leo vegetal,Bom Petisco
Huile elio,cevital
LAVAZZA CREMA E GUSTO,Lavazza
Cevital Smen 500g,Medina
Citron M√©lisse,Ricola
Grana Padano,Carrefour
Miel d‚ÄôEucalyptus,
Sprouted Rolled Oats,One Degree Organic Foods
Cornichons au vinaigre,Pikarome
Pack ftoury jben 190g√ó2,
Surimi,GASTRONOMIA DI MARE
Gerbl√© sans sucres g√©noise chocolat saveur framboise,Gerbl√©
Fruit d'Or,Fruit d'Or
Le thon blanc au naturel germon,Petit Navire Donini Collezione
50G RICOLA ALPIN FRESH,Ricola
Huile de colza,Bouton d'or
Sardines √† l'Ancienne Label rouge,Conn√©table
Boisson soja Nature,Sojade
Mineralwasser,"Altm√ºhltaler Quelle, Altm√ºhltaler Quelle (Aldi S√ºd), Aqua Culinaris, Quellbrunn, Milbona"
Infusion des marmottes,Les 2 Marmottes
Caf√© soluble,Summa
Moulin Poivre Noir,Ducros
Manteiga Magra com sal,Pr√©sident
S√º√üstofftabletten,"Aldi, S√ºssli"
Original Flavour - Grated,Violife
Bio Soja ohne Zucker,Berief
Pepsi max500ml,Pepsi
Freshmint,Frezzh
Oleo Extra Virgem De Coco,origens
Cornflour,Tesco
Fromage Fondu  Pr√©sident 8 portions,"President,Lactalis"
Original Popcorn,SkinnyPop
Sardine a l'huile v√©g√©tale,
Sauerkraut,Dawtona
Tesco Finest 12 Pork Chipolatas,Tesco
Patatas fritas,Leader Chips
Mentos Pure Fresh,Mentos
Rapeseed oil,Tesco Finest
Lemon & Ginger tea,Twinings
Th√© vert en filaments,Sultan CHAARA
Vinaigre √† la pomme,Star
Red Hot Wings Buffalo Sauce,Frank‚Äôs
Lindahls Pro+,Lindahls PRO+
Liquide,canderel
Forever citron vert,Perrier
"Nooco nougat, cacahu√®tes",Nooco
Steack Hach√© 15%,Charal
Camembert de campagne,Pr√©sident
Eau de source Les Chesnaux,"Intermarch√©, Premier prix"
Grana Padano,"Marque Rep√®re, Les Crois√©s"
Thon entier √† l'huile de tournesol,Petit navire
C≈ìur Complice,Carrefour
"NESCAF√â S√©lection, Caf√© Soluble, Flacon de 100g","Nescaf√©,Selection"
"Sp√©cialit√© biologique ferment√©e au soja, nature",Sojade
Allioli,Chovi
Raps√∂l,Rapso
Salm√≥n al natural,Hacendado
Huile de tournesol,VITAD'OR
Riz Basmati,Saint eloi
Brie,"Ch√™ne d'argent, Lidl"
Italian Extra Virgin Olive Oil,Primadonna
Naturell Mierbachquelle stilles Wasser,"Quellbrunn, naturell aldi"
olive verdi bella di cerignola in salomoia,Italiamo
Acqua naturale,San Benedetto
Gnocchis aux pommes de terre,Toque du Chef Lidl
HERTA LE BON PARIS Jambon sel r√©duit x2 -70g,"HERTA,Le Bon Paris"
HERTA LE BON PARIS Jambon fum√© x4 - 140g,"HERTA, Le Bon Paris"
Parmigiano Reggiano,Lidl
Oliven√∂l,"Primadonna, Primadonna Bio"
Smooth Medium Roast,Costa Coffee
Ifri p√©tillante,ifri
Grana Padano 16 Mesi,"Lidl,Milbona,Saviola"
Organic Raw Cane Sugar,Florida Crystals
British Lean Beef Steak Mince 5% Fat,Tesco
Mayo,Primal Kitchen
Spaghetti,Tria
Nuez de Brasil Natural,Hacendado
Mantequilla,
Oliven√∂l,DmBio
PURE IRISH BUTTER,Kerrygold
Th√© vert de Chine LAHCEN KANTAOUI,
Th√© vert en grain najma,Sultan
twinings tea,"Twinings, Sainsburys"
