product_name,brand,sugars
Prince Go√ªt Chocolat,Lu,32.0
Nutella,Ferrero,56.3
Confiture de fraise,D√©licia,63.0
Nutella,Ferrero,56.3
Cosumar Sucre En Lingot Pour Le Th√© 1 kg,COSUMAR,100.0
,Maruja,50.0
KING COOKIES,Excelo,32.0
Nocciolata,Rigoni Di Asiago,51.0
P√¢te √† tartiner noisettes et cacao,Bonne Maman,51.0
Confiture De Fraises 430 G,El Baraka,62.0
Nocciolata bio,Rigoni di Asiago,51.0
Confiture d'abricot,Delicia,50.0
poulain,Poulain,59.0
,Id√©al,89.4
Nutella,"Ferrero, Nutella",56.3
Merendino,"Bimo,Mondelez",39.0
Biscuits croquants au coeur onctueux de Nutella¬Æ,nutella,35.8
1848 Chocolat en poudre,Poulain,61.0
El Baraka Confiture D'abricots 430 G,el baraka,50.0
nutella,"Ferrero,Nutella",56.3
Trios,Aperitivos company,54.0
Nutella,Ferrero,56.0
nutella,Ferrero,56.3
Kinder Bueno 2 Bars,"Kinder,Kinder Bueno",41.2
Nestl√© Dessert,Nestl√©,46.4
Nutella,"Ferrero,Nutella",56.3
Chocolat au lait,Milka,55.0
King cookies choco,Excelo,31.2
Sirop d'Agave,Sunny Via,395.0
Peripella,Peripella,52.0
Nesquik,Nestl√©,75.1
Sirop d'√©rable ambr√© go√ªt riche,Maple Joe,66.0
Nutella,Ferrero,56.3
Biscoff Creamy,Lotus,36.8
Fruit & Nut Mix,"Alesto,Lidl",35.7
Runny Honey imp,Rowse,80.8
Nesquik Cocoa,Nestl√©,75.0
Strawberry Jam,Bonne Maman,59.0
,,37.0
,,86.1
,ÿ≠ŸÑÿßŸÑ,51.0
,STORCK,48.8
Biscoff,Lotus,38.1
Dark milk chocolate,Tesco,33.6
Excellence √Ä la Pointe de Fleur de Sel Noir,Lindt,48.0
P√¢te √† tartiner Nutella noisettes et cacao - 750g,Ferrero,56.3
P√¢te √† tartiner,Poulain,59.0
Chocolat monogram,Macao,53.0
Caobel,Aiguebelle,79.9
180G C OR NOIR NOISETTE,"C√¥te D‚ÄôOr, Mondelez",40.0
Le Choco,"Nestl√©, Le chocolat",65.8
Doce Extra Fresa Morango,"Lidl,Maribel",57.7
nutella,Ferrero,56.3
Barres de fruits secs & noix Myrtilles,nakd,49.0
Tagger,Bimo,47.0
P√¢te √† tartiner noisette du Lot et Garonne cacao,Lucien Georgelin,55.0
,D√©licia,61.33
Kinder Bueno White,Kinder,43.9
NESQUIK Cacao,"Nestl√©, Nesquik",75.1
Nocciolata - P√¢te √† tartiner au cacao et noisettes,RIGONI DI ASIAGO BIO,53.0
Nesquik,"Nestl√©,Nesquik",75.1
Petits fours financiers,,31.6
merendina big,bimo,38.0
Raspberry Conserve,Bonne Maman,57.0
P√¢te √† tartiner noisettes et cacao,Bonne Maman,51.0
V√©ritable Petit √âcolier Chocolat au Lait,"LU,Mondelez International",39.0
Squeezy Honey,Tesco,82.4
P√¢te a tartiner,dulcetto,71.7
Nutella p√¢te √† tartiner aux noisettes et au cacao,"Ferrero, Nutella",56.3
Milka galette choco,LU,35.0
Confiture De Fraises Aicha,"A√Øcha,Extra",57.5
Excellence Noir √† la Pointe de Fleur de Sel,Lindt,47.0
NAKD Cacahu√®tes - 140g (4x1p),Nakd.,35.0
,Lotus,36.8
Tartimiel¬Æ Lune de Miel¬Æ doseur 250 g,Lune de Miel,80.0
,Excelo,40.8
P√¢te √† tartiner,Nutella,56.3
Sirop d'agave,Sunny Bio,79.0
,"Nutella,Ferrero",56.3
Nocciolata Bianca,Rigoni di Asiago,53.75
Granola LU,LU,36.0
Dark Chocolate,Fin Carr√©,47.7
Poms 2,,63.0
Confiture de fraises,EL BARAKA,60.0
Kinder Chocolate,Chocolate,53.5
El Baraka,vmm,61.24
Granola L'original Gros √©clats de chocolat,"Granola,LU,Mondelez",36.0
Peanut,M&M's,53.0
Toblerone,Toblerone,60.0
Organic Milk Chocolate,Green & Black's,46.0
Miel de fleurs,Maribel,75.1
Noir Extra,Poulain,52.0
Tonik,Bimo,39.0
Organic Classic Canadian Maple Syrup,Buckwud,61.0
Miel de Fleurs Liquide Doseur 500g,Lune de Miel,80.0
Chocup,Excelo,33.0
Coco specialty,"Confetteria Raffaello,Ferrero",33.6
Milka Tablette Noisette,"Milka, Mondelez",45.0
Ferrero Rocher,Ferrero,39.9
Capri choco,Excelo,33.0
Benco Original,Benco,78.0
d√©lice noir,Aiguebelle,44.0
enmer,ŸÉŸàÿ≥ŸàŸÖÿßÿ±,100.0
Marhaba,,55.3
Kinder Country,kinder,49.1
Nutella,"Ferrero, Nutella",56.3
P√¢te √† tartiner chocolat Noisette,"Jardin Bio, L√©a Nature",52.0
Kinder Cards,"Ferrero,Kinder",42.9
Nutella,"Ferrero, Nutella",56.3
Tiptree tomato ketchup,Wilkin & Sons,37.0
Petit √©colier chocolat noir pur beurre de cacao,"Lu, Mondelez France",36.0
Petit Cookies P√©pites de chocolat,Bonne Maman,35.0
single origin milk chocolate,Marks & Spencer,37.2
Agave Nectar,the-groovy-food-company,66.11
Canadian Maple Syrup,Specially Selected,79.8
Kinder Bueno,Kinder,41.2
P√¢te √† tartiner chocolat noisette,"Jardin bio, L√©a Nature",52.0
Top cookies,Excelo,31.0
Milka oreo,Milka Oreo,50.0
Confiture Fraises,Bonne Maman,59.0
Nutabella,,71.7
Cr√®me de marrons de l'Ard√®che,Clement Faugier,50.2
Noisetta,,57.3
eyoo,Excelo,72.0
ƒåokol√°da na va≈ôen√≠,"Fin Carr√©, lidl",45.6
Biscuits Mega Duo imp,Gullon,31.0
Nocciolata,Rigoni di Asiago,51.0
Flash Wondermint Gum,Flash,59.0
cooky,be,34.9
Nutella Plant-Based,"Nutella, Ferrero",45.4
180G LT NOISETTE COTE D OR,C√¥te d'Or,43.0
El Mordjene Cr√®me De Noisettes Grill√©es,Cebon,43.56
Fraise Intense,Bonne Maman,39.0
Sergio,excelo,54.8
LOTUS BISCOFF Speculoos Original - 250g (2x125g),"Lotus Bakeries, Lotus",38.1
Merci Finest Selection Assorted Chocolates,Storck,48.0
Milka wholenut,Milka,47.0
Abricot sec,Alesto,32.0
Genova - Double Creme,Excelo,42.0
,Snickers,51.8
Geeta's Mango Chutney imp,Geeta‚Äôs Foods Ltd,57.0
Nut & fruit mix classic,"Alesto, Lidl",30.9
B-ready 6 pi√®ces,Ferrero,47.1
Sciroppo d'acero canadese,McEnnedy,81.5
Pim's Sinaasappel,LU,48.0
Bastogne,"LU, Mondelez",40.0
90G FERRERO ROCHER TABLETTE LT,Ferrero Rocher,45.4
Confiture de fraise,El Baraka,60.0
Snickers,offer,51.0
Banania Original - Cacao C√©r√©ales Touche De Banane & Miel,Banania,69.0
Cashew-Cranberry-Mix,Alesto,38.8
AFTER EIGHT Coffret 300g,After Eight,66.2
Cassonade pure canne,Daddy,100.0
Ferrero Rocher,Ferrero,39.9
Hazelnut Chocolate Spread,Bonne Maman,51.0
Excellence Noir Orange Intense,Lindt,46.0
Delice,"Kinder,Ferrero",41.0
galettes riz chocolat noir,"Sondey, Bio Organic",32.0
P√¢te √† tartiner,"Carrefour BIO, Carrefour",58.0
Hohos,,42.0
Oreo original,Mondelez,36.0
La delicieuse,,64.0
Whole Nut Milk Chocolate,Fin Carr√©,40.2
TSR GRENADINE 60 CL,Teisseire,78.0
Confiture fraise -30% de sucres,andros,40.0
Nutella 950g,Ferrero,56.3
Gaufres Miel,Bjorg,36.0
Tchicolata,,57.0
Halls,Mondelez,80.0
Peanut Delight,nƒÅkd,35.0
Excelo nougat,Excelo,40.3
Cassonade,"B√©ghin Say,La Perruche,Tereos",100.0
confiture,el baraka,62.0
Juicy Oranges Whole Fruit Squash,Rocks,41.0
Kitkat,Nestl√©,47.0
Crunchy,Be,34.3
Sirop d'Agave,Maribel,75.0
Aiguebelle,Aiguebelle,44.0
Prince Multic√©r√©ales Go√ªt Chocolat Au Bl√© Complet,LU,31.0
BLE 70CL ORANGE CITRON PULCO,Pulco,36.7
Nutella biscuits fergulf,"Ferrero, Nutella",35.8
Cosumar Sucre Granule - Granulated Sugar,,100.0
Hohos,,41.0
Pim's - Framboise,Lu,48.0
LIDL VITASIA Sweet Chilli sauce - VITASIA - 700ml 1.49‚Ç¨ 1l 2.13‚Ç¨,"Vitasia, LIDL VITASIA",34.8
P√¢te √† tartiner bio noisette cacao,Lucien Georgelin,55.0
"RICORE au Lait, Caf√© & Chicor√©e, Bo√Æte 400g","Nestl√©, Ricore",39.0
Biscuits fourr√©s aux framboises,Bjorg,38.0
Confiture Abricot INTENSE,Bonne Maman,39.0
,"Choco Nussa,Lidl",56.1
Milk Chocolate,Fin Carr√©,56.3
Nutella,"Ferrero,Nutella",56.3
Ovomaltine crunchy,Ovo maltine,54.5
Mejora,,61.0
Cookies chocolate Chip,Sondey,32.0
Honey,Rowse,80.8
6111259347106,,45.0
Nocciolata crunchy,Rigoni di Asiago,48.0
P√¢te √† tartiner cacao noisettes bio,LIDL,57.6
P√¢te √† tartiner cacahu√®tes et cacao,Bonne Maman,39.0
V√©ritable Petit √©colier Pocket Chocolat au Lait,LU,40.0
Mini BN Chocolat,BN,30.6
P√¢te √† tartiner Noir cacaopasta imp,"Jardin bio, Jardin biologique, L√©a Nature",34.0
,,54.8
NESTL√â DESSERT Noir 205g,"Nestl√©, NESTLE DESSERT, Tablettes",46.4
cioccolato fondente,fin carre,36.5
Honey,Grandessa,76.4
Konfitura Morelowa 240g*EL Baraka*,el baraka,60.0
Ginger 60% Cocoa Bar,Green & Black's,47.0
6111259344068,,61.0
Sucre complet de canne,Ethiquable,96.0
Kinder Riegel Einzelpackung,"Ferrero,Kinder",53.5
La Paille d'Or aux framboises,"Lu, Mondelez International",51.0
,"C√¥te d'or,Kraft Foods",44.0
Choco Wafer,"Milka, Mondelƒìz",43.0
Confiture D'abricots extra a√Øcha,"A√Øcha,Extra",62.0
cassonade,"Lidl, navarre",98.9
Chocolate con Leche,"Nestl√©,Extrafino",57.7
P√¢te √† tartiner noisettes,Revey Tchico,43.44
Goody cao,Bellarom,75.8
Confiture 70% de fraise,L√©once Blanc,38.0
The Original Speculoos,"Lotus, Lotus bakeries",38.1
Milk Single Origin Chocolate,Waitrose,34.7
,Excelo,44.0
Milka aux noisettes,"Milka, Mondelez",57.0
Confiture de Fraise,Extra,62.0
Chocao,,79.5
Excellence Noir Caramel √† la pointe de sel,Lindt,52.0
Ferrero rocher,Ferrero,39.9
,Ferrero Rocher,39.9
Noir amandes enti√®res,"C√¥te d'or,Mondelez",40.0
Milk Caramel Sea Salt Chocolate,Tony's Chocolonely,51.0
Chocolat Tentation Noir Gourmand Amandes,Aiguebelle,36.8
sirop d'agave,"Bio Village, Marque Rep√®re",68.0
Lindt Excellence Dark Orange Intense,Lindt,46.0
Miel de Flores,Hacendado,79.0
Sweet Chilli & Red Pepper,Tyrrell‚Äôs,51.0
Nocciola,Ferrero Rocher,39.6
Dried Mango,Alesto,65.0
Mints,"J.D. Gross, Lidl",63.1
Raffaello,Ferrero,33.6
,,71.7
,"Nestl√©, Nesquik",75.1
Confiture de fraise,,62.0
Soft Pitted Dates,Alesto,52.7
Crunchy original,Be,34.13
Chicoree liquide 250 ml,Leroux,35.0
"BN - Strawberry Cookies, 285g (10oz)",BN,32.0
La Barquette (chocolat),LU,47.0
Bonbon √† la S√®ve de Pin,"La Vosgienne, Mondelez",74.0
Cr√©ation Rocher Noir,Lindt,44.0
itri choco,Excelo,35.0
Bonne Maman Hazelnut Chocolate Spread,Bonne Maman,51.0
Sucre Cmplet Muscovado,Alter Eco,95.0
NESTL√â DESSERT Cors√© 200g,"Nestl√©, Nestl√© Dessert, Tablettes",34.5
M&M's Cacahu√®tes - Pack familial,"M&M's, Mars",53.0
Original,ColaCao,70.0
Belvoir Farm,Ginger Cordial,33.3
Schokobons,Kinder,52.2
Excellence Raspberry,Lindt&Spr√ºngli,47.0
Golden syrup,Lyle's,79.0
Framboise Intense,Bonne Maman,38.0
Sirop d'agave,"Carrefour BIO,Carrefour",75.0
Berry Delight Bars,Nakd,48.0
Kinder Maxi,"Ferrero, Kinder, Mixte",53.3
Excellence Lait Extra Fondant,Lindt,50.0
Pack Cassonade Saint Louis 650g,Saint louis,99.0
Bono,Excelo,35.5
Mon Cherie,Ferrero,48.3
Tobigo,,31.58
Eyoo choc,Excelo,33.0
,Nestl√©,50.4
Biscuits Nutella B-ready x15 gaufrettes fourr√©es,"Ferrero, Nutella B-ready",47.1
Miel de Fleurs BIO liquide Doseur 500g,Lune de miel,80.0
"Delacre - Delichoc Milk Chocolate Cookies, 150g (5.3oz)",Delacre,47.9
The golden experience,FERRERO ROCHER,39.9
Cocoa Delight,Nakd,43.0
yogo fraise,extra lait,35.24
Smacks,"Kellogg's, Smacks",34.0
Schoko-Bons,"Kinder, Ferrero",52.2
Crak's,Excelo,37.1
P√¢te √† tartiner aux noisettes,Mejora,61.0
Prince go√ªt tout Choco au bl√© complet,LU,34.0
Chocolat Noir - l'Original,C√¥te d'Or,53.5
Biscoff Crunchy P√¢te √Ä Tartiner,Lotus,36.2
Double Trouble Chocolate Cookies,Wicked Kitchen,31.1
,Pipas de la casa,895.0
300G DRAGIBUS SOFT HARIBO,Haribo,56.0
Runny Honey,Sainsbury's,80.8
–ù—É—Ç–µ–ª–∞,Ferrero,56.3
NESTLE DESSERT P√¢te √† tartiner 340g,"Nestl√©, NESTLE DESSERT",52.0
Bonne Maman Strawberry And Wild Strawberry 370G,Bonne Maman,59.0
Confiture Framboises,Bonne Maman,57.0
P√¢te √† tartiner 40% noisettes du Lot-et-Garonne et cacao,Lucien Georgelin,48.0
Nutella B-ready,"Ferrero,Nutella b-ready",47.1
Tartelettes citron,Bonne Maman,41.0
Profil pack pure canne bio kraft daddy 750g,Daddy,100.0
Chocolat noir p√¢tissier,Nestl√©,46.4
Nocilla original,Nocilla,56.0
200G CHOC LAIT COTE D OR,"C√¥te d‚Äôor, Mondelez",55.0
Lyle's Golden Syrup,Abram Lyle & Sons,79.0
Raw Fruit & Nut Bars - Salted Caramel,nƒÅkd,52.0
Confiture de figue,,47.1
Hazelnut Based Chocolate Spread,Alter Eco,51.0
BLE 70CL DELICES AGRUMES PULCO,Pulco,34.4
Blossom Honey,Hilltop Everyday,76.0
Black Forest cherry dark chocolate,Montezuma's,31.0
Prince -  Go√ªt Lait -  Choco Au Bl√© Compet,LU,34.0
Confiture Fraises,Bonne Maman,59.0
Yoyos Strawberry Multipack 5 x,BEAR,42.0
Cr√™pes dentelle - L'authentique,Gavottes,48.0
Miel de fleurs cr√©meux,"Lidl, Maribel",75.1
L'Original noir,"C√¥t√© d'Or, Mondelez",53.0
,Nesquik,74.7
predator,,57.0
LOTUS BISCOFF Speculoos Fourr√© - Cr√®me Speculoos - 150g,Lotus,35.0
Cake fourr√© saveur fraise,"Allergo, Gerbl√©, Look",31.0
Chocolate Orange Milk,Terry's,59.0
Strawberry High Fruit Content Spread,St. Dalfour,47.0
Sweetened Condensed Milk,Nestl√©,55.0
Bournville Dark Chocolate bar,Cadbury,58.0
Confiture fruits rouges intenses,Bonne Maman,39.0
Vinaigre Balsamique,Maille,32.0
"Grany moelleux, fruit des bois","Lu, Mondelez",35.0
Nutella,Ferrero,56.3
230G VICHY MENTHE,Vichy,98.5
Nuss-Nougat-Creme,Bionella,40.0
Frosties,Kellogg's,37.0
Sucre de glace,Daddy,98.0
Oreo Double Creme,"Mondelez, Oreo",40.0
Trancetto Cacao,Balconi,34.0
TSR MENTHE VERTE 60 CL,Teisseire,71.0
Ferrero Rocher,Ferrero,39.9
Organic Honey,Rowse,80.8
Bear Pure Fruit Yoyos Strawberry 20G,"Bear, Bear Nibbles",42.0
Nutella,Ferrero,56.3
Mars,Mars,31.0
Biscuit chocolat noir,Gerbl√©,34.0
Sucre Cassonade,Saint louis,99.0
Fourr√©s vanille bio,Bjorg,31.0
Chamallow,Haribo,68.0
Knusper Schnitte,Sondey,33.9
Nutella,"Ferrero,Nutella",56.3
Light & Mild Honey,Rowse,80.8
Cassonade pure canne,"Marque Rep√®re, Tablier Blanc",99.0
Branston Original Pickle,Branston,31.0
P√¢te √† tartiner,"Carrefour BIO, Carrefour",58.0
Brossard le cake √† l'anglaise,Brossard,37.0
Sucre en poudre,Daddy,100.0
"Biscuits Nutella x3 biscuits fourr√©s - 41,4g",Nutella,35.8
100% issu des fruits fraise,ANDROS,36.0
,,38.5
D√©lichoc Noir,Delacre,39.2
Dunkle Voll-Nuss,RITTER SPORT,37.0
Crema Novi Haselnusscreme,Novi,40.7
Wafers Bfb Hazelnut,Balconi,32.0
Milka,Milka,53.0
54% cocoa dark milk chocolate bar,Marks & Spencer,36.4
Hohos,,40.0
Mars,"Mars, Mars Wrigley",61.6
LOTUS BISCOFF Speculoos Fourr√© - Cr√®me saveur Chocolat - 150g,Lotus,41.0
Mikado,LU,34.0
Sucre de Fleur de Coco Bio,Daddy,90.0
Myrtille Intense,Bonne Maman,39.0
Prince Go√ªt Vanille,Lu,35.0
Excellence Noir S√©same Grill√©,Lindt & Spr√ºngli,45.0
Goldsaft Zuckerr√ºbensirup,"Grafschafter, Grafschafter Krautfabrik, ALDI Grafschafter",66.0
Kafferep,IKEA,41.0
Snickers,Mars Incorporated,51.0
Rebuenas,Hacendado,33.4615384615385
Wei√üe Schokolade,"Fin Carr√©, lidl",52.2
Miel de Flores,Hacendado,79.0
Clarks Original Maple Syrup 180Ml,Clarks,55.0
Nido,,40.1
P√¢te √† tartiner,Saveurs de nos R√©gions,48.0
Tube caramel beurre sal√©,R√©gilait,63.0
Chocolate,Kinder,53.3
Miel,Bee‚Äôs,79.3
Dark Chocolate,Schogetten,47.0
C√©r√©ales Frosties,Kellogg's,37.0
Cake aux Fruits - Tranch√©,"Lidl, Sondey",34.0
Confiture Abricots,Bonne Maman,59.0
Dunkle Ganze Mandel,"Fin carr√©, Lidl",37.3
Celebrations,"Celebrations, Mars",55.0
Wafers Cocoa,Balconi,30.1
Tunnock's  Caramel Wafer Biscuits imp,Thomas Tunnock LTD,34.7
Nutella biscuits,Ferrero,35.8
,Twix,48.0
sucre Roux en morceaux,B√©ghin Say,100.0
Sucre,"Beghin say, Tereos",100.0
NESTLE DESSERT Lait,Nestl√©,50.7
Kinder DUO,Kinder,35.3
Confiture 70% d'abricot,L√©once Blanc,37.0
Berry Delight Fruit & Nut Bar,Nakd,48.0
Lindt excellence mint intense,"Lindt & Spr√ºngli, Lindt, Lindt Excellence",47.0
ÿ®ÿ±ŸäŸÉ,Tiffany,46.2
Benco,Benco,78.0
Bitter orange fine shred marmalade,Bonne Maman,59.0
Kinder Maxi,Ferrero,53.3
D√©lices au Caramel,Lightbody,40.0
Tablette BIO d√©gustation Chocolat noir - 100g,Ivoria,31.0
Chocolate con leche Oreo,"Milka,Oreo",49.0
Choc Shot,Sweet Freedom,45.1
Mermelada de fresa,Hacendado,46.0
Green & Blacks Smooth Mint,Green & Blacks,47.0
dried mango,Aldi,66.3
Lulu La Barquette Fraise,LU,59.0
Croco,Haribo,51.0
Bio Konfit√ºre Erdbeere,Maribel,58.0
MADELEINE,Armor D√©lices,33.0
Studentenfutter,Seeberger,32.0
Datteln,"Alesto, LIDL",60.0
Blossom Honey,Hiltop Honey,76.0
miredina,Mondelez,38.0
Lulu L'Ourson Chocolat,"LU,Mondelez International",31.0
Agavesirap,"Maribel,el Tequito",75.0
NESQUIK Poudre Cacaot√©e bo√Æte 500g,"Nestl√©, Nesquik",75.1
Sauce soja sucr√©e,Kikkoman,52.0
Mentos fruit,"Mentos,Perfetti",69.0
Cereales rellenos de leche,Hacendado,37.0
Knoppers Einzelpack,Storck,34.2
Starbucks signature chocolat,Starbucks,57.6
Choco Duo,Mister Choc,58.7
LOTUS BISCOFF Speculoos Original Pocket Format Familial - 248g (16x2p),Lotus,38.1
Lindt lait extra fin,Lindt,55.0
PiCK UP ! Choco x6,TET,35.0
lait demi √©cr√©m√©,R√©gilait,45.0
Tartelettes chocolat caramel,OLUF LORENTZEN AS,38.0
Pruneaux d'Agen d√©noyaut√©s,Ma√Ætre PRUNILLE,35.0
Sirop d'agave,Sunny Bio,79.0
"Dried prunes, pitted and ready to eat",The Foodie Market,36.5
CARAMEL,Lindt,52.0
Honey,Rowse,80.8
Fairtrade Instant Hot Chocolate,Clipper,70.2
Barraani,Baraani,44.5
Chocolat instantan√© Fa√ßon Bistrot,Van Houten,62.0
Fourr√©s go√ªt citron,Bjorg,31.0
P√¢te √† tartiner noisettes cacao,Lucien georgelin,53.0
Confiture extra Framboise Bio,Maribel,56.0
Cappuccino Classique,Maxwell House,43.0
SIROP D'AGAVE BIO 250mL,"Intermarch√©, Regain",73.8
Coke,Coca-Cola,39.0
Classic Strawberry,Aldi,60.3
Sweet chilli sauce,Asia Specialities,41.3
Sea Shells hasselp√§hkin√§konvehdit,J.D. Gross,47.8
tentation croque lait aux noisettes supr√™mes,Aiguebelle,39.0
chocolate negro,carlotti,35.0
14 Gaufrettes saveur Cacao,"Brun, Mondelez",39.0
Chocolat Noir Amande et √âcorces d'Orange,lidl jd gross,41.4
Milka Choco Mini Stars,"Milka,mondelez",35.0
Choco wafer,Milka,43.0
ColaCao Turbo Instant Cocoa Drink,ColaCaoIdilia Foods,75.0
Multifloral Manuka honey,Specially Selected,71.0
Chocolat Dessert Noir 52%,Aiguebelle,44.9
P√¢te √† tartiner amandes lait cacao,,57.0
Confiture abricots,Andros,40.0
Petit √©colier tendre coeur au lait,"Kraft Foods,LU,Petit √©colier",43.0
Alpine Milk,Milka,55.0
Trancetto cacao,Balconi,34.0
Caprice,Papadopoulos,48.0
P√¢te √† tartiner saveur noisette,"Carrefour,Simpl",66.0
Ferrero collection,Ferrero,33.3
Apricot Jam,Bonne Maman,59.0
Golden syrup,The Pantry,74.3
Clorets,Clorets,75.0
Choco Tom gaufrettes,Tom,37.05
Danao frz limon hh,,71.0
Sucre Poudre,B√©ghin SayTereos,100.0
NESQUIK Poudre Cacaot√©e bo√Æte 500g,"Nestl√©Nesquik, Nestl√©, Nesquik",75.1
"Gerbl√© - Choco Hazelnut Filled Cake, 200g (7.1oz)",Gerbl√©,31.0
Pain d'Epices au Miel,Brossard,36.0
Original Oreo,Oreo,35.0
Oreo,Oreo,38.0
Nutella,"Ferrero, Nutella",56.3
Granulated Sugar,Silver Spoon,100.0
Jelly Snakes,The Natural Confectionary Co.,61.0
Miel,"Family Michaud, lune de miel",80.0
Miel liquide,"Maribel, Marlene",75.1
POULAIN NOIR EXTRA 200G,Poulain,52.0
deko Nutella small,Ferrero,56.3
Noir,Nocilla,51.0
Confiture de myrtille 70%,L√©once Blanc,37.0
Chocolat au lait du Pays Alpin,"Kraft Foods, Milka",55.0
NESQUIK Poudre cacaot√©e bo√Æte 1Kg + 20% offert,"Nestl√©, Nesquik",75.1
Bonne Maman Strawberry Intense,Bonne Maman,39.0
Manuka Honey,Lidl,85.9
Cracotte framboise,Lu,33.0
Lait concentr√© sucr√© en tube Format √âconomique ‚ô¶,R√©gilait¬Æ,56.0
NESTLE DESSERT Noir Bio 170g,"Nestl√©, Bio, Nestle dessert",43.2
Dolca chocolate negro,"Dolca,Nestl√©",54.6
Cioccolato Nocciole intere,RITTER SPORT,44.0
raw fruit & nut bar,nƒÅkd,49.0
Runny Honey,Rowse,80.8
Original,"Oreo,Mondelƒìz",38.0
"Bonne Maman - Madeleine Milk Chocolate, 300g (10.6oz)",Bonne Maman,31.0
Fraise,Lucien Georgelin,43.0
La madeleine coque chocolat noir,Maison Colibri,32.0
Sirop de grenadine,La Maison Guiot,83.2
LOTUS BISCOFF Speculoos Original Pocket - 186g (12x2p),Lotus,38.1
Bio Vollmilch-Schokolade,Fairglobe,51.5
–ë—è–ª —à–æ–∫–æ–ª–∞–¥,Milka,65.0
Crema Balsamico Classic,"Italiamo,Lidl",33.0
Crunchy cream,Ovomaltine,50.1
Quadro l'original,C√©moi,43.0
"Hazelnut, Caramelised Cashew & Pistachio Milk Chocolate",Waitrose,35.3
Poulain Bio 34 % de cacao,POULAIN,66.0
Barre amande,Gerbl√©,57.0
Menier P√¢tissier Tablette,"Nestl√©, Menier",47.6
Sirop citron vert et menthe,Pulco,30.9
Roasted Cashew-Peanut-Mix Honey & Salt,"Alesto, Lidl",35.5
Crunchy Cranberry & Raspberry - Sant√©,Sante A. Kowalski sp. j.,36.0
,,59.0
,,56.6
Mikado chocolat au lait,"Glico, LUMondelez, Mikado",33.0
Pain d'√©pices miel,Bjorg,40.0
Tablette Kinder Chocolat Chocolat au Lait x16 -200g,"Kinder, Mixte",53.3
sucre cassonade,begin say,100.0
"BN - Cookies - Mini Strawberry x 5, 175g (6.2oz)",BN,32.8
chocolat NESTLE DESSERT Noir 2X205g,"Nestl√© dessert, Tablettes",46.4
Chocolat noir aux √©corces d'orange,Alter Eco,46.0
Cereales de chocolate y avellana,Hacendado,38.0
P√¢te √† tartiner aux noisettes et au cacao,Bonne Maman,51.0
Caramelo,Milka,51.0
Nutella Hazelnut Spread With Cocoa,"Ferrero, Nutella",56.8
Raw Fruit & Nut Bar,Naked,49.0
Fine cut Oxford marmalade,Frank Cooper's,56.0
Quality Street,Nestl√©,57.7
Crema con avellanas,"Darlet, Ibercacao",63.0
Kango,"Kango, LU",34.0
Pack Sucre en Poudre 650g,Saint louis,100.0
HAZELNUT CHOCOLATE SPREAD,Choco nussa,42.2
sweet chilli sauce imp,blue dragon,54.7
Leka Cream,michoc,60.6
Mejora,mejora,54.0
,Excelo,56.3
Financiers amandes,Bonne Maman,38.0
P√¢te √† tartiner 18.5% Bio - 350g,Ivoria,52.0
Ahornsirup,Maple joe,66.0
Bio agave syrup,SYRUP,76.0
Nuts'n Berries,Seeberger,36.0
Storck Caramel Popcorn Classic 140g,Werther's Original,53.2
Ovomaltine Crunchy Cream,Ovomaltine,50.1
Frosties,Kellogg‚Äôs,37.0
Cashew Crush Raw Fruit & Nut Bars,Alesto,35.7
Jolay,Alimani,57.64
Pitted Prunes,Alesto,43.9
Bonne maman pate a tartiner noisettes et cacao,Bonne Maman,51.0
P√¢te √† tartiner aux noisettes,"Aldi, Simplement Bon Et Bio",52.0
,Storck,34.2
,ETi,37.0
Almond And apricot with a yoghurt coating fruit and nut bar,Eat natural,31.2
Confiture de Framboise 70%,L√©once Blanc,36.0
Original,Nocilla,56.0
Les Grandes 34% Hazelnut Dark,Lindt,38.0
Silvia Duo Cacao,Excelo,33.0
Lemon curd,Bonne Maman,53.0
biscuit chocolat au lait,,33.0
Petit beurre tablette Chocolat noir,"Carrefour BIO, Carrefour",35.0
Prince go√ªt chocolat,"LU, Mondelez, Prince",32.0
Etui Bec Verseur Sucre en Poudre Saint Louis Sucre 1kg,Saint louis,100.0
Panettone Classico,Favorina,30.4
Fruit Stick Framboise,"N.A!, Nature Addicts",65.0
Marmelade Orangesüçä Am√®res  Bonne Maman,Bonne Maman,59.0
CremaNovi,Novi,40.7
Mister Choc fa√ßon Sp√©culos,"Lidl, mister choc",30.6
Tesco Pure Clear Honey 454G,Tesco,81.0
Confiture d'abricots,Aicha,62.0
Fajita Mix Smoky BBQ imp,Old El Paso,55.0
Tobigo,Tobigo,33.0
Twix 5x2,"Twix, Mars",48.0
,Maltesers,53.0
Semillas de ch√≠a,Hacendado,40.0
,Bonne Maman,32.0
Doonuts,St Michel,31.0
180G AMAN CARA COTE D OR,C√¥te d'Or,51.0
Lait entier en poudre,R√©gilait,38.0
Poudre cacaot√©e bio 32% de cacao Max Havelaar,"Bio Village, Marque Rep√®re",67.0
Sirop de grenadine,Moulin de Valdonne,83.0
Jaffa Cakes,"Lidl, Sondey",47.0
Avellanas Enteras,Milka,45.0
Black Treacle,"Abram Lyle & Sons, Lyle, Tate and Lyle",66.8
Runny Honey,lidl,79.7
Gently baked mango,urban fruit,57.0
Yoyos Raspberry Multipack 5 x,"Bear, Bear Nibbles",42.0
Sweet chilli,Heinz,42.0
Tobigo,Tobigo,34.0
,Lucien Georgelin,49.0
Le Biscuit De Natty,Bjorg,34.0
MINI BN Chocolat,BN,30.6
Pr√©paration Abricot Pomme,Lucien Georgelin,43.0
Maille Vinaigre Balsamique de Mod√®ne 25 cl,"Maille, Unilever",32.0
Cioccolato al latte,"LU, Mikado",34.0
P√¢te √† tartiner aux noisettes,Bio Village,54.0
Choco Biscuits,Milka,41.0
Vegan hazelnootpasta,"Lidl, Vemondo",46.7
St Dalfour Mermelada de Frambuesa,st dalfour,44.0
Dark Chocolate Almond Sea Salt 51%,Tony's Chocolonely,42.0
Organic honey,Rowse,80.8
Sandwichs Choc,excelo,51.75
La Paille d'Or aux fraises,"LU, Mondelez",51.0
Gaufres caramel bio,Bjorg,45.0
P√¢te √† tartiner aux noisettes sans huile de palme 350g,"U, U Bio",56.0
"Tagada, L'originale",Haribo,74.0
"BRUN - 14 Wafers Vanilla Flavor, 146g (5.2oz)",Brun,39.0
Lindor noir,Lindt,38.0
Miel de fleurs,Lune de Miel,80.0
MINI BROWNIES lidl,Sondey,32.1
Nudossi ohne Palm√∂l,Nudossi,47.0
Raffaello fines gaufrettes enrobees de noix de coco fourrees noix de coco avec amande entiere ballotin de 18 pieces,"Confetteria raffaello, Ferrero",33.6
,Novi,40.0
P√¢te √† tartiner aux noisettes 400g,U,57.0
Clear Honey,Lidl,79.7
Pure Canadian Maple Syrup,Sainsbury's,69.6
macaroons,Mrs Crimbles,39.6
Mini Eggs,Cadbury,69.0
ÿ¨ÿßÿ±Ÿä ÿßŸÑÿ™ÿ≠ŸÖŸäŸÑ‚Ä¶,,47.2
600G HAPPY BOX HARIBO,Haribo,53.0
The Original Speculoos,"Biscoff, Lotus",38.1
Vi≈°≈àov√Ω d≈æem,Maribel,57.4
Chouchou,Alesto,42.0
C√©r√©ales croc'choc,Lucien Georgelin,32.0
Miel l'apiculteur,"L'Apiculteur, Yves Michaud",80.0
MARZIPAN DARK CHOCOLATE WITH MARZIPAN,Ritter SPORT,51.6129032258064
Milk chocolate caramel seasalt,Fin Carr√© way to go,52.8
Cr√®me avec vinaigre balsamique de mol√®ne,ACENTINO,38.8
Honey,Rowse,80.8
La galette fourr√©e,St Michel,35.0
Bonne Maman Blackcurrant Conserve,bonne maman,57.0
Amber maple syrup,Tesco Finest,61.0
El Princio,,33.0
Tobigo crousty,,44.5
Scottish Strawberry Preserve,Mackays,66.9
Sirop d'√©rable,Maribel,88.0
Milka strawberry,Milka,53.0
Nursie,Danone,55.5
Carlotti Chocolate Negro 60% cacao,Carlotti,38.0
Fourr√©s Myrtilles,Bjorg,38.0
Pate √† tartiner 25% de noisettes,"Lindt, Lindt & Spr√ºngli",46.0
Mignonnette Noir - Orange,C√¥te d'Or,44.5
Duplo Einzelriegel,"Duplo,Ferrero",50.4
200G SCOUBIDOU LUTTI,Lutti,50.0
Miel de fleurs liquide,Lune de Miel,82.0
Sucre vanill√© x 12 sachets,"Alsa,Unilever",94.0
Kinder Schokobons White,Ferrero,47.2
Nesquik,"Nestl√©, Nesquik",75.1
Mango,Seeberger,54.0
Toblerone Dark Chocolate Bar,"Mondelez, Mondel√®z International, Toblerone",47.0
Crema Cacao,Hacendado,57.0
Pate √† tartiner aux noisettes 750g,U,57.0
Biscoff creamy,Lotus,36.8
Kaonuts,"Carrefour, Carrefour-classic",53.0
Crimbles Coconut Macarons IMP,Danube,41.0
,Bl√©dina,57.0
Choco nussa,Lidl,56.1
biscuits a la cuillere,Bonne Maman,56.0
Confiture Extra de Myrtilles,Bonne Maman,59.0
Milka - Riz croustillant,"Milka, Mondelez",48.0
Cracotte go√ªt choco-noisette,LU,39.0
Sirop de grenadine,"Marque Rep√®re, Frucci",85.0
Excellence Noir Menthe Intense,Lindt,47.0
Cr√©ation Cr√®me Br√ªl√©e,"Lindt,Lindt & Spr√ºngli",50.0
Longfizz,Lutti,63.0
nestle,"KitKat,Nestl√©",43.5
caprice,Papadopoulos,48.0
Choco Gotas Negro,Hacendado,55.0
Barre C√©r√©ales CHOCOLAT,"Carrefour BIO, Carrefour",33.0
Pasas Sultanas,Hacendado,61.0
Hobnobs Milk Chocolate,McVities,32.3
Aubergine Pickle,Patak's,33.4
Kaonuts,CARREFOUR,53.0
Chips de l√©gumes,Lidl,31.0
Golden Syrup,By Sainsbury's,79.0
Confiture de fraise,ƒ∞lkg√ºn,75.7
P√¢te √† tartiner noisettes  et cacao,A√Øcha,52.0
Tobigo Gusty,Tobigo,39.0
NESQUIK Gout EXTRA CHOCO Poudre Cacaot√©e bo√Æte 600g,"Nestl√©, Nesquik, Nesquik extra choco",66.8
LULU,Lu,36.0
Pur Sirop d'Erable,Carrefour,58.0
Mon Ch√©ri. 15 St.,"Ferrero, Mon Ch√©ri",48.3
Lindor Latte,Lindt,42.0
Noir amandes entieres,Carrefour,34.0
Knoppers Nussriegel Einzelpackung,"Knoppers,Storck",38.3
Ferrero T3 Rocher fergulf,Ferrero,39.9
Benco,Benco,50.0
Organic Date Syrup,The Groovy Food Company,62.0
Luxury Chocolate Drink,Twinings,76.5
Choco Leibniz - Dark,Bahlsen,36.0
Cracotte Fraise,"Lu, Mondelez",33.0
NESTLE¬Æ Lait Concentr√© Sucr√© 4% MG Bo√Æte 397g,"Nestl√©,Le lait concentre sucre",57.1
Nesquick,Nestl√©,75.1
Haselnusscreme,Milka,56.67
Confiture Cerise INTENSE,Bonne Maman,39.0
150G LINDOR LAIT LINDT,Lindt,44.0
Fraise bio,Lucien Georgelin,44.0
Kinder joy,"Ferrero, Kinder",51.0
"Eugenia original, Biscui»õi cu multƒÉ cremƒÉ cu cacao",Dobrogea,34.5
Peanut,m&m's,53.0
Emotion,"Carrefour, Carrefour Sensation Carrefour",40.0
B/Dragon Sweet Chilli Sqzy 380g,Blue Dragon,43.2
Fruit & Nut Mix,Aldi,42.0
Raisins & Cranberries,Aldi,69.3
Date Syrup,Date Crown,73.3
Smooth,Green & Black's,47.0
Roxta,Piccadeli,54.9
Nocciolata P√¢te √† tartiner Cacao  et Noisettes,RIGONI DI ASIAGO,51.0
100G COTE D'OR NOIR ORIGINAL,"C√¥te d'Or, Fraft Foods",53.0
Lunettes fraise,Bjorg,33.0
LOTUS DINOSAURUS Original Chocolat lait 225g (4x3p),"Lotus, Lotus Bakeries",31.0
Milka Choc & Choc,MILKA,40.0
"KITKAT Ball, Billes au chocolat au Lait, 250g","Nestl√©, Kit kat ball, Kitkat",49.9
Mix √©nergie,Alesto,35.0
Galettes aux flocons d‚Äôavoine fourr√©es chocolat noir,Biocoop,37.0
,Oreo,45.0
Toblerone White,Toblerone,62.0
Nocilla Original,Nocilla,56.0
Biscoff,Lotus,38.1
Ginger Crystallized In Dark Chocolate,Chocolove,40.0
Wafers alla vaniglia,balconi,38.0
Golden Syrup,Tesco,74.7
Pavesini 200 gr,Pavesi,50.0
Mango Chutney,Tesco,52.4
Strawberry Conserve,Tesco,53.7
Pure Honey,"Simply M&S,Marks & Spencer",80.8
Salsa miel y mostaza,Hacendado,34.0
P√¢te √† tartiner aux noisettes,R√©vey,43.44
Dark Maple Syrup,Aldi,82.0
"Grand c≈ìur fondant, chocolat noisettes",Michel et Augustin,40.0
Lutti guimauve chocolat,Lutti,61.0
Confiture de figues violettes,Bonne Maman,59.0
"Bonne Maman - Mirabelle Plum Jam, 370g (13oz)",Bonne Maman,59.0
Chocolat noir dessert,"Intermarch√©, Ivoria",47.0
Mermelada de fresas de temporada,Hero,50.0
Bruges Assortment Biscuits,"Delacre, Ferrero",39.6
Milk Chocolate Bar,"Mondelez International, Toblerone",60.0
Crema de Cacao Avellana,Hacendado,45.9
Vitamin coconut bar,Sante,39.0
,Excelo,63.0
Kinder tronky,"Ferrero,Kinder",43.2
Clear Honey,Tesco,82.4
Night time teabags x20,Sharwood‚Äôs,44.7
Golden Syrup,Belbake,79.0
P√¢te √† tartiner aux noisettes,,61.7
superfood organic Hot Chocolate,Naturya,55.0
Barritas de galleta rellenas de ar√°ndanos,Hacendado,34.0
GO√õTER,it,39.0
Nutella,"Ferrero, Nutella",56.3
Sucralose,"Canderel, Merisant",90.0
Mini Rollos Chocolat au Lait & Coeur fondant au Lait,"LU,Mondelez,P√©pito",36.0
Chocolat noir aux √©clats d'amandes,Alter Eco,38.0
Kinder Cards Family-Pack 20days,"Ferrero, Kinder",42.9
Panela,Hacendado,94.0
Butterkeks Mit Vollmilch Schokolade,"Lidl,Sondey,Inter Biscuits",35.3
Goody Cao,Bellarom,75.8
Crema Aceto Balsamico di Modena,"Italia, Ponti",50.0
Cadbury hot chocolate,Cadbury,73.0
Clear Honey,"Highgate Fayre, Lidl",81.0
Galleta boer sabor coco,Coral,36.779998779297
Wild Blueberry Conserve,Bonne Maman,59.0
Granola cookie c≈ìur extra moelleux,Granola,33.0
Strawberry Conserve,Sainsbury's,57.8
Sirop de grenadine,"Carrefour, Groupe Carrefour",80.0
Tartelettes framboise,Bonne Maman,52.0
Sp√©culoos,Sondey,33.4
Glico Mikado & Go - Chocolat au lait,"LU, Mikado",34.0
Bio village - Miel de Fleurs,"Bio Village, Marque Rep√®re",80.0
Schtroumpfs,Haribo,43.0
Chocolat noir bio 70% cacao,"Fair,simplement bon et bio",31.0
Pr√©paration de fruits cl√©mentines et oranges de Corse,Saveurs de nos regions,47.0
Chips de l√©gumes,"Bouton D'Or, Les creations",33.9
P√¢te √† tartiner choco noisette,Jardin bio,32.0
,C√¥te d'Or,54.0
300G DRAG√ñLO HARIBO,Haribo,54.0
Confitures moins sucr√©e - Fraise & framboise intense,Bonne Maman,39.0
–ë–û–ù–ë–û–ù–ò –ú–ï–†–°–ò,"Merci,Storck",48.0
Original Neapolitaner,Manner,46.0
Petites tartelettes Chocolat caramel,Bonne Maman,36.0
Caramelo Liquido,"Royal, Mondelez",40.5
Oreo Original,Oreo,38.0
Tablette Lait noisettes et amandes pil√©es,Merveilles du Monde,46.0
Reduced sugar raspberry extra jam,Bonne Maman,37.0
Miel,Lune de Miel,80.0
Tomato Ketchup,"Marks & Spencer,Simply M&S",35.6
Bull's-Eye Original BBQ Sauce,Heinz Foods UK Ltd,33.0
Chocolat Kinder Chocofresh fourr√© lait noisette x5,"Ferrero, Kinder",39.6
Sirop d'Agave bio,Daddy,77.0
confiture bonne maman 4 fruits,Bonne Maman,58.0
Chocolat dessert p√¢tissier,"Marque Rep√®re, Tablette d'Or",48.0
Mustikkahillo,Maribel,57.1
Sirop d‚Äôagave,Simplement Bon et Bio,105.0
Lindt Chocoletti Lait pralin√© noisettes,Lindt,48.0
Rochers - chocolat au lait,Suchard,50.0
After Eight Dark Chocolate Thins,Nestl√©,67.8
P√¢te √† tartiner Milka aux noisettes,Milka,57.0
Sucre en poudre,"Carrefour,Simpl",100.0
Pruneaux d'Agen,Saveurs de nos Regions,37.0
Agavendicksaft,Alnatura,75.0
After Eight,Nestl√©,67.8
Lapin d‚Äôor chocolat au lait,Lindt,54.0
Schoko Bons,"Ferrero, Kinder",52.2
P√¢te √† tartiner noisette cacao,le jardin de corentin,52.0
p√¢te a tartiner cacao noisette,nocciolata,53.0
Soft Pitted Apricots,Alesto,43.8
Tangfastics,Haribo,50.0
STRAWBERRY PRESERVE,Wilkin & Sons Ltd,70.0
Clear Honey,Grandessa,76.0
Marmelade Erdbeere,Maribel,53.7
Lyle‚Äôs Golden Syrup,Abram Lyle & sons,79.0
Milk Chocolate Buttons 38%,Montezuma,49.0
Nutella,Nutella Ferrero,56.3
Barritas 100% Frutas,Hacendado,56.0
Mango Chutney,Lidl Deluxe,55.0
Caramelised Apple Spread,Bonne Maman,48.0
CONFIPOTE Confiture all√©g√©e en sucres Pot Fraise 350g,"confipote, materne",38.0
Confiture de fraises,"Carrefour BIO, Carrefour",57.0
La Coqueline (fraise),"LU,Mondelez",41.0
Excellence Noir Zeste de Citron Vert,Lindt,48.0
Prince Choco'üç´Barre - Barre c√©r√©ali√®re au chocolatüç´,LU,31.0
Bouch√©es Mon Ch√©ri Liqueur cerise x16 - 168g,Ferrero,48.3
Noir pralin√©,C√¥te d'Or,49.0
Miel l'Apiculteur Montagne,Miel l'Apiculteur,75.1
Caramel et Noisettes,Milka,49.0
Miel et gel√©e royale la Force au Naturel,"Famille Michaud, Lune de Miel",64.0
Chocolate puro con almendras,Valor,36.0
P√¢te √† tartiner 13% SHP - 750g,"Intermarch√©, Ivoria",52.0
Nutella pate a tartiner noisettes-cacao barquette 15 gr,Nutella,56.3
Pingui,"Kinder, Ferrero",33.1
–í–∞—Ñ–ª–∞ –ú–û–†–ï–ù–ò maxx,"Mondelez,–ú–û–†–ï–ù–ò",44.0
Nussknacker - Vollmilchschokolade,"Aldi,Choceur,WIHA",41.0
D√°tiles desecados sin hueso,Hacendado,61.7
La Crema spalmabile di soia,Jensen & Co AS,55.0
Sucre Cassonnade,Daddy,100.0
Plumcake,http://x.com,30.3
Tablette Noir noisettes et amandes pil√©es,"KROKOLA, Merveilles du Monde",32.0
KIDDYLICIOUS Fruity Bakes - Fraise - 132g (6x1p),Kiddylicious,33.0
Wild Strawberry Gourmet Sweets,Candy Kittens,60.0
CONFIPOTE Confiture all√©g√©e en sucres Pot Abricot 350g,Confipote,37.0
Brossard - brownie familial pepites de chocolat 285gr,Brossard,32.0
Confiture ch√¢taigne,Bonne Maman,46.0
250G BUBBLIZZ LUTTI,Lutti,66.0
Lait pralin√© double lait,C√¥te d'Or,56.0
Cranberries ges√º√üt,Seeberger,68.0
LOTUS Gaufre de Li√®ge Chocolat au lait 363g (7x1p),Lotus,32.0
Nesquik,"Nestl√©, Nesquik",75.1
Ar√°ndanos deshidratados,Hacendado,67.8
Bonbons Tic Tac x110 pastilles MENTHE - 54g,"Ferrero,Mixte,TIC TAC",94.5
,Siroperie Meurens,61.0
Chocolate Sandwich Cookies,Oreo,38.0
Chocolate,M&M's,67.0
Dark Bubble Chocolate,Roshen,46.3
Vinaigre Balsamique De Mod√®ne,"Acecrem Srl, Acentino, Acetaia Giuseppe Cremonini Srl",43.2
Milka or√©o,Milka,49.0
Thyme,"Kellogg's, Tesco",35.0
Sweet Chilli Dipping Sauce,Lidl,40.8
Cassonade,Carrefour,99.0
Cookies Classique,Delacre,38.0
Rich hoisin sauce,Blue Dragon,60.0
Soft Dried Figs,Alesto,44.0
Marylands Chocolate Chip Cookies,Burton Biscuits,31.0
"Chocolat noir, √âclats d'amandes grill√©es & pointe de sel","Fairglobe, Way to go!, Lidl",42.1
Confiture abricot,andros,36.0
amaretti,Crosta and mollica,47.0
Snickers x10,Snickers,51.0
Pr√©paration √† la myrtille Bio,Maribel,44.0
Pate √† tartiner cacao aux √©clats de cr√™pe dentelle,Gavottes,48.0
Milka Tendre au lait,Milka,51.0
Sp√©cial mie Nature,Ma√Ætre jean-Pierre,45.0
Sucre Vanill√©,Vahin√©,98.2
Prince - Biscuits fourr√©s go√ªt chocolat,Lu,32.0
Mini Oreo,Oreo,37.0
,Haribo,51.0
Chocolat noir caramel pointe de sel,Ethiquable,38.0
TIC TAC Fresh Mint,tictac,94.5
P√¢te √† tartiner aux noisettes,Bio Village,56.0
Biscoff,Lotus,38.1
Bonbons √† l'eucalyptus,"AmanieNord Fresh, Lidl",71.5
,"Fin Carr√©, Lidl",55.4
Choco Break Go√ªt chocolat,Carrefour,78.0
P√¢te √† tartiner aux noisettes pot 700g,"U, U Bio",56.0
Toffifee wei√ü,"Storck,Toffifee",46.5
P‚Äôtit fondant coeur chocolat,Bjorg,33.0
Lindet choco swis dark 2yrs prod,Lindt,50.0
Milk Chocolate Truffles,"Lindor, Lindt, Lindt & Spr√ºngli",42.0
Mango chutney,Aldi,52.7
Cadbury Heroes,Cadbury,57.0
Ovaltine Original,Ovaltine,48.0
Pepite chocolat,Aiguebelle,54.6
Peanut Chocolate Treat Bag,M&M's,53.5
Organic hot chocolate,Green and blacks,61.0
M√©lange de fruits secs,Trader Joe's,31.0
,Lucien Georgelin,50.0
Galleta de mantequilla con tableta de chocolate con leche,Carrefour BIO,35.0
Biscuits Complets Avoine et bl√© Bio,"Aachener Zucker- und Backwaren Paul Schaeffer, Lidl, Sondey",32.8
Barre Chocolat√©e Kinder Bueno Chocolat au Lait,"Kinder, Ferrero",41.2
Balisto Miel Amandes x9,Balisto,42.0
,Ma√Ætre Prunille,32.0
Banania Original,Banania,69.0
Chocolat noir Quinoa,Ethiquable,32.0
Miel de fleurs,Famille Michaud,80.0
,"Ferrero, Kinder",52.2
Chocolat gianduja,Ethiquable,37.0
Sift Figs,"Alesto, LIDL",48.6
Cr√™pes Chocolat x 15,Whaou !,39.0
Schweizer Kr√§uterbonbon,Ricola,76.0
,"Nakd, nƒÅkd",35.0
Ekologisk Sylt Lingon,IKEA,39.0
cacao creme,Mister Choc,57.1
Choco sticks,"Milka,Mondelez",35.0
MixMax,Balconi,38.3
Confiture 4 agrumes,L√©once Blanc,37.0
Clear Honey,By Sainsbury's,80.8
Cashew Cookie Raw Fruit & Nut WholefoodBars,Nakd,39.2
Smooth operator milk chocolate,Montezuma's,47.0
–ö—Ä–µ–º –æ—Ç —Ç—ä–º–µ–Ω —à–æ–∫–æ–ª–∞–¥,"Lindt, Lindt & Spr√ºngli",40.0
Black's Organic White Chocolate Bar,Green & Black's,51.0
Babicao,Nestl√©,30.3
Soluble al CACAO,Dulcinea,70.0
Chocolat au lait,aiguebelle,56.0
Mermelada Ar√°ndanos,Hacendado,49.0
Peruvian Dark Milk Chocolate,Sainsbury's,36.1
P√¢te √† tartiner Banania,Banania,53.0
chocolat brownie,Milka,38.0
Sabl√©s framboise s√©same,Bonne maman,32.0
30 boudoirs 175g,Brossard,52.0
Kinderriegel,"Ferrero, Kinder",53.3
Haribo pik,Haribo,50.7
M&M's - peanut,"M&m's, Mars, Mars Chocolat, Mars Chocolat France",53.0
Sirop d'agave,"Jardin Bio, L√©a Nature",75.0
Moutarde Au Miel Pot,Maille,34.0
√âclats de f√®ves de cacao noir,"Carrefour,Selection Carrefour",47.0
Lait de nos fermes,Lune de Miel,64.0
Rocher Suchard noir,"Suchard, Suchard rocher",47.5
Kinder Bueno Mini,"Kinder, Ferrero",41.2
Crusti Choc,"Fin Carr√©, Lidl",50.2
Pate √† tartiner noisette cacao,Le Jardin De Corentin,52.0
Chocolat Lait Noisettes enti√®res,"Bellarom, Fin Carre",37.9
,Tic Tac,94.5
Maxi King,Kinder,35.6
Barritas muesli Chocolate,"Crownfield, Lidl",33.6
Mango deshidratado,Hacendado,61.0
"Dark chocolate covered pretzels with peppermint pieces, peppermint",Nestl√©,36.67
Bonne Maman Black Cherry Conserve 370G,Bonne Maman,59.0
Schokolade Halbbitter,Ritter Sport,48.0
Basics Clear Honey,"Sainsbury's, Sainsbury's basics",80.8
Muesli Berries & Cherries,Simply Sumptuous,38.3
Seville orange marmalade,La Vieja F√°brica,65.0
Dulce de Leche La lechera,nestle,55.8
Typ Cappuccino classic,"Deutsche Extrakt Kaffee, REWE, ja!",54.0
Pasas sultanas,Alesto,67.7
Mikado,"Glico, LU, Mikado, Mondelez",32.0
Choco nussa,Lidl,56.1
Pitted Dates,Aldi,58.0
Dark milk chocolate with blood orange,Marks & Spencer,37.3
Cookies Chocolat Noisettes,Bonne Maman,36.0
Confiture Fraises,Carrefour,58.0
Lait √©cr√©m√© en poudre,R√©gilait,52.0
Meru≈àkov√Ω d≈æem,Maribel,57.0
4 AGRUMES,Lucien Georgelin,48.0
Ovomaltine crunchy,Ovomaltine,50.1
Noir quinoa souffl√©,Alter Eco,37.0
200G STARMINT HARIBO,Haribo,83.0
Pruneaux d'AGEN d√©noyaut√©s,Ma√Øtre PRUNILLE,35.0
Crema spalmabile alla caramella mou,Saveurs de nos r√©gions,56.4
SAUCE YAKITORI,kikkoman,39.0
Vinaigre balsamique,Carapelli,42.0
prince,"Lu, Mondelez",32.0
Lutti best fizz tubo 550g,Lutti,65.3
Chocolate puro,Valor,47.0
Sucre sachet Poudre 1 Kg,Top budget,100.0
Choco nussa,Lidl,56.1
Cretan Blossom Honey,eridanous,74.0
Lait amandes caram√©lis√©es,fin CARR√â,44.1
Mix milk,Balconi,42.0
Fig Rolls,lidl,39.2
Chocolate and Hazelnut Cake,Sh√§r Gluten-Free,32.0
Sucre fleurs de coco,"Carrefour BIO, Carrefour",93.0
Belgian Choc,Options,52.0
Mega Duo Doble Cacao,Gull√≥n,34.0
Excellence Noir Craquant Paillet√© Gaufrette,Lindt,47.0
Grenada,"J.D. Gross, Lidl",40.0
P√¢te √† tartiner au cacao et noisettes bio et √©quitable,"Auchan, Auchan Bio",55.0
Mango,Tesco,51.6
Pure Clear Honey,Morrisons,76.4
Taste the Difference Raspberry Conserve,"Sainsbury's, Taste the difference",53.0
Organic Balsamic Vinegar,Sainsbury's,51.0
Dulcinea,Dulcinea,60.0
Flan,id√©al,73.8
Muffins,,32.0
Fraise,Carrefour,39.0
Costa,Costa,50.0
P'tit Gouter,It,39.0
,Twix,48.1
Poudre cacaot√©e 32 % de cacao maigre,"Carrefour BIO, Carrefour",68.0
Gel√©e de groseilles,Bonne Maman,59.0
Nustikao,"Nustikao, NustikaoMarque Rep√®re",58.0
Rotella,Haribo,38.0
Sucre Vanill√© des Isles,Alsa,93.0
Excellence Milk Sea Salt Caramel,Lindt,57.0
LT3X100G LAIT MILKA,Milka,55.0
Lindor Lait,"Lindt, Lindt & Spr√ºngli",42.0
Canneberges sucr√©es s√©ch√©es,Alesto,71.3
Chocolat noir Gingembre confit,ethiquable,35.9
Cookies 40% pepitas chocolate,Hacendado,33.0
P√¢te a tartiner -30% de sucres,Poulain,39.0
soja sucr√©e,Kikkoman,52.0
Oat cookies milk chocolate,"Sondey,Lidl",32.2
38G SKITTLES SACHET,Mars norge as,74.0
Kit Kat 2 Finger Milk Chocolate Biscuit Bars,Nestl√©,49.4
Twins chocolate,Gull√≥n,43.0
Strawberry Seedless,Hartley's,59.0
Crema allo Zenzero,Mister Choc,30.5
Confiture 4 fruits,Maribel,56.2
Choc pot,Sweet Freedom,37.0
Preda Fair Trade Dried Mango Slices,Forest Feast,38.3
Chocolate negro 72% con trozos de naranja,Hacendado,35.0
maltesers,Maltesers,53.0
Fruit rolls,"Bear, Bear Nibbles",42.0
Bakewell Tart Raw Fruit & Nut Bars,Alesto,45.6
Banania Moins de sucres,Banania,48.0
Urban Fruit Snack Pack Strawberry,smashing strawberry,58.1
Dulcinea,Dulcinea,64.0
Tacos  wafer,biscarose,42.0
Chewingum,,75.0
,,33.8
Original hot malty goodness,Horlicks,39.3
Sucre cassonade,Saint louis,99.0
Pain d'√©pices,"Jardin Bio, Jardin biologique, LEA Nature",40.0
Levure de boulanger traditionnelle,Vahin√©,100.0
Miel cr√©meux,Maribel,75.1
P√¢te √† tartiner Noisette & cacao,Poulain,59.0
CRUNCH (lot de 2),"Nestl√©, Crunch",50.4
Puffreis mit Schokolade,NIPPON,40.0
Lindt chocolate negro Limon con Gengibre con amandes,Lindt&Spr√ºngli,46.0
R√ºbenkraut,"Grafschafter, Grafschafter Krautfabrik",66.0
Sirop de P√™che blanche,La maison guiot,78.7
Peanut,M&M's,53.0
Mix Max,Balconi,40.0
Mermelada de melocot√≥n de temporada de Murcia,Hero,47.0
Merci : Milk Chocolate —Å–∏–Ω–∏–π —Å–º–æ—Ç–∫–∞,"Merci, Storck",48.3
Salatbox H√§hnchenbrust (Penny DE)/ Miel de Flores (Lidl ES),"Maribel,Penny Ready",74.3
L'Original Lait,"C√¥te d'Or, Mondelez",55.0
Tosta rica,Cu√©tara,31.0
Nocilla,Nocilla,56.0
Noir extra fondant,Lindt,46.0
Knoppers,Storck,34.2
Sauce soja sucr√©e,Suzi Wan,57.0
Cocoa sandwich biscuits with vanilla flavoured cr√®me filling,Tower Gate,37.1111111111111
Premium lime & chilli chutney,Geeta‚Äôs,50.0
Chocolat instantan√© en poudre,Ethiquable,50.0
Tobigo cookies,,34.6
Chocolate Spread,Aldi Everyday Essentials,41.0
Pr√©paration en poudre pour boisson cacaot√©e,Colacao,70.0
Dino Fruit Bars. strawberry and banana,The Foodie Market,59.3
Croc choc,Lucien Georgelin,35.0
P√¢te √† tartiner aux noisettes,Ethiquable,52.0
CR√äPES DENTELLE CHOCOLAT AU LAIT 90g,Gavottes,50.0
(Confiture) Fraises d'Aquitaine,"Saveurs de nos R√©gions,LIDL",48.0
Oreo Sjokoladetrukket 246 g,Mondelez Norge AS,47.0
CONFITURE EXTRA de fraises ALLEGEE 50% fruits,Paquito,38.0
280G MICHOKO NOIR,La Pie Qui Chante,50.0
Chocolat noir √† p√¢tisser Tablette de 200g,U,48.0
Kinder Pingui Schoko 4er-Packung,Ferrero,33.1
Croc' Tout Choc √† la p√¢te √† tartiner,Lucien Georgelin,32.0
,"Ferrero, Kinder",53.3
NESTLE DESSERT P√¢te √† tartiner 590g,"Nestl√©, Nestle dessert",52.0
–¢—É–Ω–∫–≤–∞–Ω–∞ –≤–∞—Ñ–ª–∞ —Å –∫–∞–∫–∞–æ–≤–∞ –≥–ª–∞–∑—É—Ä–∞,–ë–æ—Ä–æ–≤–µ—Ü,38.0
Sucre de fleur de coco bio,Regain,86.15
Guet Apens,"LU, Mondelez",32.0
Gianduja Noir √âclats de Noisettes,Ethiquable,32.0
Belgian Chocolate Guylian Seashells,Guylian,47.0
Confiture de fraises,"Marque Rep√®re, Douceur du Verger",57.0
All Natural Nut Bar,2KEEP,36.0
Dattes Deglet Nour,"Lidl, Alesto",64.7
Dulcesol snack cacao,Gateau,44.0
Lindor Assorted Chocolate Truffles Box,"Lindt, Lindt & Spr√ºngli, Lindor",40.0
Crema Pan di Stelle,"Barilla, Mulino Bianco",51.0
merendina double choco 36g,bimo,40.0
Creme Egg,Cadbury,65.0
Cr√©Xy,,42.9
Pink & white,,68.0
Vollmilch extra cremig 30%,"J.D. Gross, Lidl",50.7
Confiture fraises all√©g√©e en sucres,Maribel,38.4
Crunchy Nut,Kellogg‚Äôs,35.0
,"Marque Rep√®re, Douceur du Verger",39.1
Brossard - le cake aux fruits 300gr,Brossard,36.0
180G C OR LT RAISIN NOISET,C√¥te d'Or,49.0
Sirop d'Agave √©quitable,"Jardin bio, L√©a Nature",75.0
Vico pop corn baff caramel,"Intersnack, Vico",57.0
Pains d'√©pices chocolat noir,"Aachener Zucker und Backwaren Paul Schaeffer, Favorina, Lidl",47.9
Abricot bio,Lucien Georgelin,43.0
Cr√©ation Pralin√© feuillet√©,Lindt,50.0
Lapin d‚Äôor chocolat au lait,Lindt,54.0
Miel acacia de France,Miel l'Apiculteur,78.6
Cappuccino vanille,Bellarom,47.7
Cr√®me de marrons,Cl√©ment Faugier,50.2
Haribo dragolo,Haribo,52.0
Mini Gaufres au chocolat au lait,Lightbody,33.3
Dairy Milk Chocolate Bar,cadbury,56.0
Ciruelas desecadas sin hueso,Fundo Sofruco,38.0
,Teisseire,65.0
Raisins secs,Tesco,62.4
Icing Sugar,Silver Spoon,100.0
Caramelised Red Onion Chutney,specially-selected,49.7
Honey,Asda,82.0
Petit ourson guimauve,CEMOI,58.0
Sucre en poudre blanc,Tablier Blanc,100.0
Twirl Chocolate Bar,Cadbury,58.0
Tesco Finest Raspberry Conserve,Tesco Finest,54.8
Tentation,Aiguebelle,44.7
Sea Salt Chocolate,Moser Roth Aldi,46.2
Tesco Organic Squeezy Clear Honey,Tesco,81.0
Brio,Priccadeli,44.5
dried mango,Tesco,53.5
Organic Coconut Sugar,The Groovy Food Company,94.07
Skittles Taste The Rainbow Fruits,Mars,74.0
Mermelada melocot√≥n,Hacendado,44.0
caramelised onion chutney,"taste the difference, Sainsbury's taste the difference",49.2
Oreo,Cadbury,38.8
Twix Xtra,Twix,48.0
Crunchy Cookies,kinder,34.6
Medjool Dates,Tesco,54.5
Lait cr√©meux,Nooco,58.0
Biscuits Delacre Cigarettes Russes - 200g,"Delacre, Ferrero",36.4
Galette ma√Øs chocolat au lait,Gerbl√©,80.1282051282051
Lait √©cr√©m√© bio en poudre,Regilait,52.0
Balisto miel amandes x10,Balisto,42.0
LOTUS Gaufres Fourr√©es c≈ìur fondant Vergeoise 310g (5x2p),Lotus,36.0
confiture fraises,Bonne Maman,59.0
Cantuccini alle mandorle,"ITALIAMO, Lidl Realforno, Realforno, Lidl",30.7
Choco Moo,MILKA,34.0
Chocolat Noir P√©pites,Vahin√©,50.0
Pain d'√âpices aux Fruits,Deluxe,46.8
Zanzigliss 300g,Haribo,50.0
Vinaigre balsamique de Mod√®ne,Maille,32.0
Chocolat noir intense d√©gustation,Alter Eco,39.0
Chocolat au lait riz souffl√©,Ethiquable,47.0
300G POLKA HARIBO,Haribo,49.0
P'tit D√©j - Biscuits napp√©s de chocolat au lait,BN,33.0
"Les Comtes de Provence - Apricot Preserves, 350g (12.3oz) Jar",Les Comtes de Provence,42.0
Chocolat noir dessert bio,"Bio Village, Marque Rep√®re",46.0
Biscuits rose de Reims,Maison fossier,50.0
Choko noir,Noiseraie,37.3
Lufl√©e Alpenmilch,"Milka, Mondelez",54.0
Mix Milk,Balconi,39.6
LOTUS BISCOFF Speculoos Fourr√© - Cr√®me saveur Vanille - 150g,Lotus,43.0
Excellence Dark 70% Cocoa,Lindt,45.0
Tendre c≈ìur chocolat,Bonne maman,31.0
Rose's Lemon and lime,"L. Roses & Co ltd, Rose's",63.0
Nutoka,Aldi,44.6
FINGERS,"Cadbury, Fingers",40.0
CRANBERRY COIL & CHOCOLATE PROTEIN BAR,GO ON,31.0
Chocotom,Tom,48.03
Maple syrup,Kirkland Signature,58.59
Tesco Set Honey,Tesco,81.0
,Nutella,56.3
Goldb√§ren,Haribo,46.0
Strawberry Fruit Spread,St. Dalfour,47.9
Frank Cooper's 'Oxford' Original Oxford Marmalade,"Frank Cooper's,The Pantry",53.7
Hazelnut Chocolate Spread,Nutoka,47.0
Juicy Sultanas,Aldi,69.4
Runny Honey,Rowse,80.8
Store Hazelnut & Cocoa Spread,nature's store,58.0
Cranberries,Alesto,73.2
Waffle,,33.0
Sauce barbecue,Kania,35.4
croquant miel s√©same,Gerbl√©,33.0
Citror,"Sirop Sport, sport",63.8
Chocolat noir pour pr√©paration p√¢tissi√®re,"Nestl√©, Nestl√© dessert, Tablettes",46.4
"KITKAT 4 Fingers Barre au Chocolat au Lait 41,5g, unitaire","Nestl√©, Kitkat",43.4
M&M's Biscuit,"M&M's, Mars",37.0
Grandino P√©pites de Chocolat & Nougatine,Sondey,33.0
La barquette (chocolat),LU,46.0
,Carambar,47.0
BTE 50CL MONSTER MANGO LOC,Monster,43.0
Gaufrettes chocolat,"Jardin Bio, Jardin biologique, L√©a Nature",33.0
LOTUS BISCOFF Speculoos Original Format Familial - 750g (6x125g),Lotus,38.1
Confiture de Fraises BIO,Les Comtes de Provence,42.0
Sirop Grenadine,Paquito,73.5
Petits coeurs choco'croc,"LU, Mondelez",42.0
Pruneaux d'Agen,Saveurs de nos R√©gions,37.0
Petit Muffins,Bonne Maman,33.0
Sirop d'agave bio,"Auchan, Auchan Bio",75.0
Gel√©e de Coing,Bonne Maman,59.0
Granola C≈ìur Extra Moelleux Chocolat,"Granola, Lu",33.0
Chocolate negro con almendras caramelizadas,"Carrefour BIO,Carrefour",40.0
Pr√©paration d'abricots rouges du Roussillon,Saveurs de nos R√©gions,47.0
Cookies nougatine - 200g,Chabrior,31.0
Barquette Fraise,Sondey,53.2
Philadelphia - Milka Frischk√§se,"Milka, Mondelez, Philadelphia",33.0
Carr√©s Noir Noisette,"C√¥te d'Or, Mondelez, Mondelez International",40.0
Happy Cow,"Milka,Mondelez",57.0
Oreo,Oreo,38.0
Sirop agave 345g,"U, U Bio",73.0
Barritas con prote√≠nas sabor coco y chocolate,Enervit,34.0
Kafferep (Aveia),Ikea,41.0
M&M's Erdnuss,M&M'S,53.0
Sucre de canne en poudre 750g doypack,Chabrior,100.0
Cuor di Mela Mulino Bianco,Mulino Bianco,31.0
Nutella biscuitsüç™,Nutella,35.4
Prince Mini G√¢teau,"LU,Prince",44.42
Belbake sultanas,Lidl,69.4
Cr√®me √† tartiner Noisette Said,"Mille Recettes, Sa√Ød",51.96
Dark chocolate,Tesco,44.0
Crunchy Toffee Popcorn,Butterkist,49.0
Premium Mango Chutney (medium),Geeta‚Äôs,57.0
fruit splits raspberry & pineapple,bear,56.0
Smooth Milk,Galaxy,54.0
Nocilla Chocoleche,"Idilia Foods, Nocilla",58.0
Cococoa,Toren,50.5
Cr√®me De Noisettes Grill√©es,"Cebon, El Mordjene¬Æ",43.56
Barre Cranberry,Raw Bar,49.0
strawberry fruit windups,Alesto,50.4
Pistaziencreme,"Deluxe, Lidl",45.0
Tchicolata,,50.0
Raw Bar salted caramel Flavour,,49.0
Fluffy white,,30.7
3,Snickers,51.0
Cigarettes Russes,Delacre,37.0
"Bonne Maman - French Strawberry & Wild Strawberry Jam, 370g (13oz)",Bonne Maman,59.0
Confiture de Fraises,Bonne Maman,59.0
P√¢te √† tartiner aux noisettes,Les P'tites Tartines,51.0
Haricots Happy Life,Haribo,53.0
NESTLE L'ATELIER Tablette Chocolat noir myrtilles amandes - 170g,"Nestl√© Les Recettes de l'Atelier, Nestl√©, Les recettes de l'atelier",38.1
Gel√©e M√ªres,Bonne Maman,59.0
MYRTILLE,Lucien Georgelin,49.0
Balisto Fruits des bois x10,Balisto,44.6
Bizcocho con fruta,Carrefour,37.0
Cookies trois chocolats,Sondey,40.0
Extra velout√© blanc,Lindt,57.0
Chocolat lait nature tendre et fondant,Ethiquable,50.0
Mikado Chocolat Noir,"Lu, Mikado",32.0
Cuillers √† p√¢tisserie aux ≈ìufs frais,"Marque Rep√®re, P'tit D√©li",44.0
Calendrier de l'avent au chocolat,"Ferrero, Kinder",53.3
Bolachas Recheadas Framboesa,Sondey,52.7
Chocolat lait commerce √©quitable,Ethiquable,33.0
Milka Noisette,"Milka,Mondelez",49.0
ROCHER AUX AMANDES 80G - KAMBLY - 80g,Kambly,38.0
Halbbitter,RITTER SPORT,48.0
Edelrahm-Ganze-Mandel,Fin Carr√©,38.8
180G POULAIN PRALINOISE,Poulain,51.0
Huesitos original,Valor,42.0
Milk chocolate lidl,"Lidl,Mister Choc",51.0
Peanut,M&M's,53.0
"S√º√ües, GiOTTO Haselnuss",Ferrero,31.4
Cookies chocolat noir,C√©liane,40.0
,Schogetten,51.0
BN go√ªt Framboise,BN,32.5
Chocolat noir,"Fin Carr√©, Lidl",50.6
,"Lidl, Maribel",52.0
Cashew Cookie Fruit & Nut Bar,nakd,39.2
Pure fruit yoyo raspberry,"Bear, Bear Nibbles",42.0
Soft apricots,Tesco,41.0
Nesquik,Nestl√©,75.1
Ideal Aroma Caramel Flan,,89.4
Urban Fruit Dried Strawberries,Urban Fruit,58.1
Crunchy Plum,,34.0
Dairy Milk Fruit & Nut,Cadbury,54.0
Syrop Agawa,Lidl,75.0
Pick up! original,Pick Up,35.0
Damson plum conserve,Bonne maman,58.5
Mango Chutney Sweet 210g Pataks,Haugen - gruppen as,43.6
Finest Red Onion Chutney,Tesco Finest,55.7
Raspberry conserve,Aldi,59.2
Pop corn,Butterkist,33.0
Sour Shox,Candy Kittens,64.0
Raisins and Cranberries - Uvetta e Mirtilli,Alesto - Lidl,69.0
Skinny Whip Mint,Skinny,49.0
Cantuccini,Sondey,30.5
glaze with balsamic vinegar of Modena,By Sainsbury's,63.0
Supahoney : Manuka + Honey + Vitamin C,Rowse,85.9
Barbecue sauce,Sweet Bay Ray‚Äôs,41.0
Tobigo crousty,,32.5
BOURBON,Britannia,37.0
kissan fresh tomato,"Kissan,Unilever",55.2
,Carrefour,32.0
Pim's Fraise touche de Fraise des Bois,Lu,48.0
P√¢te √† tartiner cacao noisette,Gavottes,51.0
cookies aux p√©pites de chocolat,sondey,31.0
Pruneaux d'Agen D√©noyaut√©s,Ma√Ætre Prunille,35.0
Noir noisettes entieres,"Carrefour,Carrefour Extra",38.0
P√¢te √† Tartiner aux Noisettes,"Marque Rep√®re, E.Leclerc, Leclerc, Nustikao",58.0
Granola Barre Extra Cookie,"Granola, LU",40.0
Ovomaltine Barres,Ovomaltine,50.0
P√¢te √† tartiner,"Marque Rep√®re, Nustikao",58.0
Poulain noir extra,Poulain,52.0
Captain Rondo go√ªt vanille,"Lidl, Sondey",36.0
Gaufres fourrage au miel - BIO,Chabrior,36.2
Arlequin Original,Lutti,58.0
208 Morceaux Blancs Tutti Free 290g,"Saint Louis Sucre, Saint-Louis, Tutti free",99.0
Barre Chocolat√©e Kinder Bueno Chocolat au Lait x5 - 215g,"Ferrero, Kinder",41.2
Confiture framboises,Carrefour,58.0
Bonbons Tic Tac x110 pastilles MENTHE EXTRA FRA√éCHE - 54g,"Ferrero, TIC TAC",90.7
Chocolat noir extra,Ethiquable,35.4
Confiture extra de fraises,"Intermarch√©, Paquito",58.5
Chocolat noir orange confite,Ethiquable,39.0
Salted Caramel Bar,Nakd,52.0
Spekulatius Creme,Lotus,36.8
Sirop p√™che-abricot,Moulin de Valdonne,80.0
Corny Schoko-Banane 4011800523213 M√ºsliriegel,"Corny, Schwartau",36.7
Toblerone,TOBLERONE,60.0
,WERTHER'S ORIGINAL,71.6
Nutella,"Ferrero, Nutella",56.3
Schogetten alpine milk chocolate,Schogetten,55.0
Confiture myrtille et cassis intenses,Bonne Maman,39.0
PASTA CAO au cacao et noisettes,Auchan,54.0
Mozartkugeln Marzipan Pralines,"J.D. GROSS, LIDL",52.6
La pause chocolat,Bonne maman,36.0
Pate √† tartiner aux noisettes,LES P'TITES TARTINES,54.0
Bounty secret centre biscuits,"Bounty, Mars",39.0
corn muffin mix,JIFFY,45.0
KitKat Chunky,Nestl√©,50.1
Raisins,Sainsbury's,69.3
Crunchy,Nature Valley,30.2
Cigares fourr√©s Cacao,,48.8
Confiture extra de figues,,62.0
Panda Liquorice,panda,49.0
,Lune de Miel,62.0
Milka Chips Ahoy Chocolate,,51.0
,MCENNEDY,82.3
Drumstick Squashies,Swizzels,63.0
Boer,,32.0
