product_name,brand,fiber
zero sin az√∫cares Fibra,Gull√≥n,9.3
Mandeln,"Alesto,Lidl,Finch",12.1
Organic 70% Dark Chocolate Bar,Green & Black's,10.0
Tartine croustillante Authentique,wasa,19.0
Lightly sea salted crisps,Tyrrell's,5.5
Fourr√©s Chocolat Noir,Bjorg,5.3
extra dark 74% Cocoa,fin CARR√â,12.6
Pur beurre de cacahu√®te,"Jardin Bio, L√©a Nature",5.5
Organic Lightly Salted Wholegrain Low Fat Rice Cakes,Kallo,6.53
Pain de mie grandes tranches Seigle & Graines 500g,La Boulang√®re,7.2
FIBRES,Wasa,26.0
Krisprolls complets sans sucres ajout√©s,Krisprolls,8.3
14 Maxi Tranches complet sans sucres ajout√©s,Jacquet,6.6
cruesly m√©lange de noix,Quaker,10.0
Pomme üçè üçé Noisetteü•ú,Gerbl√©,6.6
Family Pack,Weetabix,10.0
OAT FLAKES Fine,CROWNFIELD,10.0
Flocons d'avoine,Bjorg,11.0
Figue & son,Gerbl√©,13.0
Levure de bi√®re,Gerbl√©,25.0
Croustillant Chocolat,Bjorg,9.8
Wholegrain Rye Bread,"Lidl,Lidl Rowan Hill Bakery,Lidl Tastino,Rowan Hill Bakery",5.2
Nestl√© Dessert,Nestl√©,7.3
RICORE Original,"Nestl√©, Ricore",45.3
Beurre bio cacahu√®te,Ethiquable,8.3
Weetabix produit √† base de bl√© complet 100%,Weetabix,10.0
"Muesli Raisin, Figue, Abricot",Bjorg,10.0
Nesquik,Nestl√©,7.7
Menguy's Peanut 100%,Menguy's,7.0
pain de mie grandes tranches sp√©cial sandwich complet,"Ma√Ætre Jean Pierre, Lidl",6.3
Seeded Sourdough Bread,Specially Selected,5.5
Cracotte C√©r√©ales Compl√®tes,"lu, LU",5.4
Fruit & Nut Mix,"Alesto,Lidl",6.9
Special Muesli 30% fruits & noix,Jordans,8.8
P√¢te d'arachide,Artesto,6.5
wasa,"Barilla,Wasa",20.0
Ricor√© original,Nestl√©,45.3
Nesquik Cocoa,Nestl√©,7.7
Nutri+ avoine chocolat,Bjorg,7.6
Menguy's Beurre de cacahu√®tes creamy,Menguy's,6.7
100% mie complet 500g,Harrys,6.5
Nutritional Yeast Flakes,Engevita,20.0
Digestive Avena Choco,Gull√≥n,6.5
,ÿ≠ŸÑÿßŸÑ,31.0
"Muesli SuperFruits Raisins, cassis,cranberry, myrtille",Bjorg,10.0
Crunchy Avoine & Chocolat Noir x 5 x 2 barres de 21 g,"General Mills,Nature Valley",7.0
Dark Rye Sourdough,Specially Selected,5.2
Cookieüç™ cacao p√©pites Sans Sucre,Gerbl√©,8.9
Dark milk chocolate,Tesco,5.6
petit d√©jeuner miel et p√©pites de chocolat,belvita,7.6
MULTISEED WHOLEMEAL FARMHOUSE LOAF,Sainsbury's taste the difference,7.4
P'tit Nature Complet,Bjorg,7.6
Hule D'olive,ÿ≤Ÿäÿ™ ÿßŸÑÿ≤Ÿäÿ™ŸàŸÜ ŸàÿßÿØ ÿ≥Ÿàÿ≥,66.0
Cacao en Poudre Non Sucr√©,Van Houten,28.0
Brioche moins de sucre,Harrys,7.2
Pain de mie Bio grandes tranches c√©r√©ales & graines 500g,La Boulang√®re,5.3
Flocons d'avoine compl√®te,Quaker,9.0
Pain grill√© au bl√© complet,LU Pelletier,5.1
Cacao,Id√©al,32.0
Chocolat monogram,Macao,7.3
Country Crisp 4 noix,Jordans,6.1
Copos de avena,Br√ºggen,10.0
Petit Pains Grill√©s Bl√© complet,Ma√Ætre Jean Pierre,6.9
Crunchy Peanut Butter,"Meridian, Meridian Foods",8.1
Chickpeas In Water,Tesco,8.3
"Chicor√©e & Caf√©, RICOR√â¬Æ L'Original, Bo√Æte de 260g","Nestl√©, Ricor√©",45.3
180G C OR NOIR NOISETTE,"C√¥te D‚ÄôOr, Mondelez",7.8
simply nutty muesli,dorset cereals,8.6
Muesli Crunchy 0%,Hacendado,23.0
Le Choco,"Nestl√©, Le chocolat",9.1
Pain de mie grandes tranches Toastiligne complet,la boulang√®re,6.2
Puy Lentils & French green lentils,Merchant Gourmet,5.2
Bitesize shredded wheat,Nestl√©,12.5
Barres de fruits secs & noix Myrtilles,nakd,9.5
Hand finished seeded sourdough bread,Coop,5.1
Go√ªter 4S Saveur pommes,Gerbl√©,6.5
Wheat Biscuits,Tesco,10.0
Super Seedy & Nutty Granola,Bio & Me,14.4
Protein Cocoa Hazelnut Bars,Nakd,15.4
Digestive Avena,Hacendado,6.8
Sea salt & cider vinegar chips,Tyrrell‚Äôs,5.1
Muesli avoine chocolat bio,Bjorg,10.0
Sandwich Zero Sin Az√∫cares,Gull√≥n,5.3
Cacao puro desgrasado en polvo,La Chocolatera,31.7
Finn Crisp,"Finn Crisp, LANTMANNEN CEREALIA AS",20.0
NESQUIK Cacao,"Nestl√©, Nesquik",7.7
Muesli,Alpen,8.0
Grilletine au froment sans sucres ajout√©s,brioche pasquier,7.4
Nesquik,"Nestl√©,Nesquik",7.7
Seeded Batch,Warburtons,6.0
Be Nuts! P√¢te √† tartiner Cacahu√®te,Andros,5.4
Pain de mie american sandwich complet sans sucres ajout√©s 600g,Harrys,8.1
Crema de cacahuetes 100%,Hacendado,8.2
CHOCAPIC BIO C√©r√©ales 375g,"Nestl√©, Chocapic",7.9
Belvita Original Petit-D√©jeuner miel et p√©pites de chocolat,LU,5.7
Middle Eastern Plant-Based Falafels,Cauldron,11.0
C√©r√©ales Chocapic,"Nestl√©,Chocapic",7.5
Grilletines bl√© complet,"Brioche Pasquier, Pasquier",6.7
Low Sugar Nuts & Seeds Granola imp,Lizi‚Äôs,10.0
Belvita Petit D√©jeuner Chocolat,"LU,Mondelez",6.8
Proper Corn Sweet & Salty,Popper Corn,12.6
Edelbitter Mild 90%,"J.D. Gross,Lidl",14.6
Harrys beau & bon pain de mie farine de ble cereales & graines 320g,Harrys,6.0
Beurre de cacahu√®tes,Whole Earth,8.4
Chocolat noir Equateur Bio,J.D. Gross,11.5
Country Crisp - Chocolat noir 70% cacao,Jordans,6.0
NAKD Cacahu√®tes - 140g (4x1p),Nakd.,9.3
Pistaches de Californie,"Alesto, Lidl",7.0
Organic Crisp Bread,DR KARG'S,10.0
Peanut butter Creamy,Skippy,6.9
"Sweet & Salty Nut chocolat noir et m√©lange de noix, 5 barres de 30 g","General Mills France,Nature valley",10.1
Smooth Peanut butter,Whole Earth,6.5
La Pan√©e Soja et Bl√©,Garden Gourmet,5.3
Whole Grain Rye Bread,Schneider Brot,7.7
"Crispy Minis Choco, c√©r√©ales de bl√© complet enrichies en vitamines et en fer avec du chocolat",Weetabix,10.0
original shredded wheat,"Nestl√©, Nestl√© UK Ltd",12.2
Galletas de trigo espelta 0% az√∫cares a√±adidos,Hacendado,8.0
Cruesli Chocolat noir,Quaker,10.0
Country Crisp 4 Baies,Jordans,6.0
Cuites au four nature,Lay‚Äôs,6.2
Dark Chocolate,Fin Carr√©,7.5
Cheese Oatcakes,nairn's,7.2
Belvita Brut & 5 c√©r√©ales compl√®tes,Lu,6.1
"Maestro Cereale avec du Levain, Millet et Quinoa",Sch√§r,9.9
Smooth Peanut Butter,meridian,8.1
Go√ªter aux raisins,Gerbl√©,6.4
Barilla Penne Rigate Fullkorn 500g,Barilla,8.0
Crunchy peanut butter,Pip & Nut,7.5
Hand Finished White Sourdough,Coop,5.2
Tartines de Pain Bl√© Complet,Brioche Pasquier,8.7
NESTLE CHOCAPIC C√©r√©ales 375g,"Nestl√©, Chocapic",7.7
Noir Extra,Poulain,7.2
Hafer Flocken Zart,"Crownfield,Bio Organic,Lidl",9.7
4 Greek Style Flatbreads,K Kitchen Deli,6.7
Pain AMS complet,Harrys,7.2
Heudebert Fibre +,Heudebert,12.0
Le cookie Chocolat Noisette,Bjorg,6.3
All-Bran Original,"Kellogg,Kellogg's",27.0
Krisprolls complets,P√•gen,7.7
Tartines c√©r√©ales 450g,La Boulang√®re,5.8
Avena crunchy,Hacendado,11.0
Bran Flakes Malty Crunch,Tesco,15.7
Tortillas de trigo integrales,Hacendado,8.5
Go√ªter aux √©corces confites,Gerbl√©,6.1
Galettes boulghour & √©peautre,C√©r√©al Bio,6.2
Simply Delicious Muesli,Dorset Cereals,9.0
Weisse Bohnen an Tomatensauce / Haricots blancs √† la sauce tomate,Freshona,7.12
Pain de mie grandes tranches Toastiligne c√©r√©ales & graines 500g,La Boulang√®re,5.9
Bran Flakes,Kellogg's,17.0
NESCAF√â SPECIAL FILTRE L'Original Flacon de 200g,"Nestl√©,Nescafe,Special filtre",34.1
Fitness Nature C√©r√©ales compl√®tes,Nestle,8.5
Beurre de cacahu√®tes crunchy,Whole Earth,8.4
Crunchy Organic Peanut Butter,Whole Earth,7.3
Biscottes Sans sucres ajout√©s Bl√© complet,Pasquier,12.0
Tosta PAN FIBRA & S√âSAMO,Hacendado,24.7
Trigo Espelta Crackers,Bachman,14.0
Benco Original,Benco,6.7
6 Wholemeal Pittas,Tesco,9.7
Muesli Croustillant Noix de p√©can & noix du Br√©sil,"Muesli Croustillant, Quaker",13.0
Pistacchi,AlestoLidl,7.6
Granola,Jordan‚Äôs,6.3
Nutri+ avoine complet,Bjorg,7.5
Malted Wheaties,Harvest Morn,13.3
Nuez natural pelada,FACENDADO,6.2
Hummus de garbanzos receta cl√°sica,Hacendado,8.0
Pecan Nuts natural,Alesto,10.0
"Low Sugar, Naturally Gut-Loving Granola",Bio & Me,17.0
Gingembre saveur citron üçã,Gerbl√©,5.2
Cocoa Powder,Green & Blacks,27.0
Oat flakes,Carrefour,10.0
Shreddies,Nestle,12.0
,"Cookie crisp,Nestl√©",6.0
Sweet & Salty Popcorn,Proper Corn,12.6
6 Wholemeal Pittas,Village Bakery,8.1
Houmous extra - Pois chiches fran√ßais & graines de s√©same,L'atelier Blini,6.15
Noir equitable 85% P√©rou,Alter Eco,13.0
Bran Flakes,"Crownfield,Lidl",17.2
Oatibix,Weetabix,8.8
Avena Crunchy Cacao,Hacendado,11.0
Flocons d'avoine compl√®te,Quaker Oats,9.0
Sourdough Wholemeal Ciabattin,Jason's,6.5
RICOR√â¬Æ aux c√©r√©ales et √† la chicor√©e solubles Bo√Æte 250g,"Nestl√©,Caro,Ricore",8.0
Heinz Baked Beans,Heinz,8.0
"NESCAF√â NES, Caf√© Soluble, Boite de 200g","Nestl√©,Nes,Nescafe",34.1
Pan de molde con 52% centeno,Hacendado,7.5
Merguez V√©g√©tal,HAPPYVORE,6.1
Protein Oat Boosts Cocoa Vanilla,Graze,17.0
Cranberry saveur amande,Gerbl√©,5.6
"Biscuits 3 graines Kasha, S√©same, Pavot",Gerbl√©,8.7
"Muesli con quinoa, ch√≠a y chocolate negro",Hacendado,10.0
Biscottes sans sel et sans sucre ajout√©s,Pasquier,7.0
Pain de mie american sandwich rustique sans sucres ajout√©s 500g,Harry's,8.7
Chocolat noir 85% Madagascar,Ethiquable,11.0
Heinz Beanz No Added Sugar,"HAUGEN-GRUPPEN AS,Heinz",7.5
,Jacquet,6.2
NAKD PROTEIN - Cacao noisette - 45g (16x1p),Nakd,16.0
Baked Beans,Branston,5.9
Wheat Biscuits,By Sainsbury's,10.0
Crunchy Peanut Butter,Whole Earth,6.7
Nutty Granola,Deliciously Ella,8.2
Chips de lentilles saveur tomate mozza,"Natu' & Bon,Vico",7.2
Alpenm√ºsli The Original Swiss Style,Weetabix,7.7
Beurre de cacahu√®tes,Maribel,9.2
Pain complet,Jacquet,6.6
Crunchy Oat Granola Raisin & Almond,Jordan,6.2
Weetabix,Weetabix,10.0
"Muesli bio 36% fruits, noix & graines",Jordans,8.5
Chocolate negro,"Carrefour BIO, Carrefour",12.0
Savane,Brossard,5.3
Belgian Dark Chocolate Rice Cake Thins imp,Kall√∏,7.4
C√©r√©ales All Bran Kellogg's Fibre Plus,Kellogg's,27.0
Absolute black dark chocolate,Montezuma's,17.0
Granola Chocolat,Bjorg,7.5
Tartines Bio quinoa & graines 450g,"La Boulang√®re Bio,La boulangere",5.3
Chicor√©e Caf√©,Bellarom,20.0
180G LT NOISETTE COTE D OR,C√¥te d'Or,5.1
Grape-Nuts,Post,12.0
Dark Chocolate Chip Oat Biscuits,Nairn's,6.7
El Mordjene Cr√®me De Noisettes Grill√©es,Cebon,9.12
Crousti' Avoine Chocolat,Bjorg,9.5
Grilletine Sans sucres ajout√©s Bl√© complet,Pasquier,12.7
Noir 70% Intense,"C√¥te d'Or,Mondelƒìz",11.0
nakd peanut butter protein bar,Nakd,9.6
100G POULAIN LIGNE NR,"Fine gourmande,Poulain",11.0
Barre c√©r√©ales Prot√©ines peanut& chocolatüç´,Nature Valley,13.6
Pain complet 3 c√©r√©ales,Bjorg,11.0
P√¢tes spaghetti au bl√© complet integral 500g,Barilla,8.0
Peanut Butter,Mcennedy,5.9
Beurre de cacahou√®te,Maribel,6.2
Nature Valley Crunchy Oats & Honey,Nature Valley,6.4
L'Original - Cacao en poudre non sucr√©,Van houten,28.0
Tortilla Nachips Original,Old El Paso,6.0
Special K,Kellogg's,6.0
Digestive Avena,Gull√≥n,5.5
Nut & fruit mix classic,"Alesto, Lidl",6.5
Fiocchi di avena integrali,CROWNFIELD,10.0
Chickpeas in water,"Sainsbury's, Greencane paper",7.3
Copos de trigo espelta integral 0%,Hacendado,8.8
Beau & bon pain de mie complet lin tournesol 320g,Harrys,7.0
No Added Sugar Muesli imp,"Alpen, Weetabix",8.3
Mediterranean Falafel,Gosh!,7.1
Biscuits Soja Figue,Gerbl√©,6.9
Digestive Avena Naranja,Gull√≥n,6.8
Jemn√© ovesn√© vloƒçky,"Crownfield,Lidl",8.5
Le petit Gerbl√© nature,gerbl√©,5.3
2 Steaks v√©g√©taux et gourmands,Happyvore,6.0
Baked Beans in tomato sauce,Sainsbury‚Äôs Organic,6.8
Pain de mie Bio grandes tranches complet sans sucres ajout√©s 500g,La Boulang√®re,6.9
Pain de mie grandes tranches Avoine & Graines 500g,La BOULANG√àRE,6.0
Banania Original - Cacao C√©r√©ales Touche De Banane & Miel,Banania,6.7
Cashew-Cranberry-Mix,Alesto,5.3
Wheat Biscuits malty & crispy,Tesco,10.0
Pan de molde natural trigo espelta 100% integral,Hacendado,6.48
Cookie Chocolat saveur noisette Sans sucres,Gerbl√©,6.0
Biscuit chocolat saveur amande,Gerbl√©,5.1
"Gerbl√© - Sabl√©s sans sucres saveur citron et Yuzu, 132g (4.7oz)",Gerbl√©,5.1
Galette de mais,Bjorg,6.2
sabl√© s√©same saveur vanille  - Gerbl√© sans sucres,Gerbl√©,5.4
Sticks et bretzels d'Alsace,"Dr. Oetker, ANCEL",6.2
Digestive zero sin az√∫cares,Gull√≥n,6.5
Granola Sante Czekoladowa,nutrition-sante,7.2727272727273
Farmhouse Super Seeded Loaf,Tesco,5.8
Smooth Peanut Butter,Pip & Nut,7.4
Fakiat Barbeque,leader food,6.2
Crousti'Son Miel üçØüêùS√©same,Gerbl√©,12.0
Germe de bl√©,Gerbl√©,14.0
Beurre de Cacahu√®tes Extra-Crunchy,"Hormel Foods Corporation, Skippy",7.9
Krisprolls - Wholegrain Complets,P√•gen,7.7
Low Sugar Granola Original,Crownfield,7.6
Yankee,,7.14
C√©r√©ales Extra P√©pites Chocolat Noisettes,Kellogg's,5.8
Cacao non sucr√© Le Bio,Van Houten,32.0
Crema de cacahuete 100% crunchy,Hacendado,8.2
Graze lemon and blueberry,Graze,16.0
Hohos,,41.0
Flocons d'avoine,Bjorg,11.0
shredded wheat,Nestl√©,12.5
Muesli Bio Superfruits,Jordans,9.4
Tortellini ricotta & √©pinards,"Giovanni Rana, Rana",5.5
Cuor di Cereale,Galletas Gullon,11.0
Smoky Barbecue Crunch,graze,7.6
Pain AMS 7 c√©r√©ales,Harrys,6.5
Sabl√© Nature sans sucres,Gerbl√©,5.2
Croustillant 3 noix,Bjorg,9.9
Granola baja en az√∫cares,Hacendado,8.5
Chipos v√©g√©tales aux herbes de Provence,HappyVore,5.8
Tesco No Added Sugar or Salt Swiss Style Muesli,Tesco,8.5
tartine vital 400g,,512.0
Original Salted Peanuts,KP,8.5
Wholegrain Bran Flakes,By sainsbury's,15.7
Wholegrain Malties,Sainsbury's,10.9
Flaxseed,The Foodie Market,7.2
Veg crisps,TYRRELL'S,11.3
Tartines craquantes Froment,Ma√Ætre Jean Pierre,6.2
80% cacao noir,Carrefour,13.0
Knusper M√ºsli Schoko,"Crownfield, Lidl",9.1
Crunchy Peanut Butter,Meridian,8.1
Peanut Delight,nƒÅkd,9.3
Excelo nougat,Excelo,50.0
"Lentilles cuisin√©es, riz & soja",C√©r√©al Bio,8.9
Biscottes aux c√©r√©ales et aux graines,Ma√Ætre Jean Pierre,7.5
Rosemary & Sea Salt Sourdough Crackers,Peter‚Äôs Yard,7.7
Nachos,Hacendado,6.3
Nuggets V√©g√©taux et Gourmands,HappyVore,6.8
"Granola Coconut, Cashew & Almond",Crownfield,7.6
Dark chocolate 75%,Marks & Spencer,11.2
Quaker Cruesli Chocolat au lait,Quaker,8.7
Mas≈Ço orzechowe,Sante,6.9
Classic Houmous,"Meadow Fresh,Simply Sumptuous",5.2
Chocolate negro 99% cacao,Hacendado,16.0
Green Lentils In Water,Tesco,6.8
NESTLE CHOCAPIC C√©r√©ales 750g,Nestl√©,7.5
chocapic,"Nestl√©, Chocapic",7.7
Thins Multi-Seed Flatbreads,Ryvita,8.1
Fine milled oatcakes,Nairn's,9.6
Chocolat noir P√©rou 90%,Alter Eco,13.0
Gluten free,Schar,8.8
Dorset cereals nutty muesli,Dorset cereals,8.1
Original Oatcakes,Nairn‚Äôs,8.4
Wholewheat biscuits,By Sainsbury's,10.0
Muesli aux fruits,Bjorg,10.0
Protein Salted Caramel Nut,Nature Valley,10.8
FUEL10K Protein Boosted Chunky Chocolate Granola imp,Fuel,6.6
Tortillas de avena 51%,HACENDADO,5.4
Chocolate For Change Single Origin 85% Cocoa Dark Chocolate,Coop,10.0
80% Dark Chocolate,Sainsbury's,10.8
Pan de Molde 100% Integral,Hacendado,7.4
bio organic oat flakes,Crownfield,12.3
Peanut Butter,Whole Earth,6.5
Sesame Crispbread with a naturally nutty flavour,"Rivercote, Lidl",16.8
Porridge Oats,Tesco - The Grower's Harvest,8.5
Paahdettu maap√§hkin√§,Alesto,8.3
,"Hacendado, Mercadona",7.8
Barritas de Espelta Sabor Manzana 0%,Hacendado,24.0
"RICORE au Lait, Caf√© & Chicor√©e, Bo√Æte 400g","Nestl√©, Ricore",11.0
Chocolat noir 80% √âquateur intense et floral,Ethiquable,10.0
Chocolate negro 85% cacao,Hacendado,14.0
Wholemeal tortilla wraps,Tesco,6.9
Noir 86% Extra intense,"C√¥te d'Or, Mondelƒìz",13.0
Le pain au Seigle,Carrefour,6.3
Dunkle Schokolade mit ganzen Haseln√ºssen,"Fin Carr√©, Lidl",8.0
Cereales special K original,Kellogg's,6.0
Stem ginger oat biscuits,Nairn's,5.9
Original Nuts & Seeds imp,Lizi's,7.3
Chocolat Bio noir 85%,C√¥te d'Or,12.0
Moelleux chocolat noix,Gerbl√©,9.6
NESTLE LION c√©r√©ales 400g‚Äã,"Nestl√©, Lion",7.0
Bio Knusper M√ºsli Fr√ºchte,"Crownfield,Lidl",8.3
Crunchy oats and honey,Nature Valley,6.4
Beanz in a rich tomato sauce,Heinz,7.8
Chickpeas in water,Napolina,7.4
Fines Tartines farine de Seigle,Jacquet,8.7
,Freshona - Lidl,6.9
"Love, Corn (Sea Salt)",Love Corn,7.0
Baked Beans,Corale,16.6
Crunchy Peanut Butter,Maribel,5.4
Baker Street Seeded Rye Bread,Baker Street,5.5
Shreddies,Nestle,12.0
Multigrain Alpha Bites,Bear,7.0
P√¢te √† tartiner Noir cacaopasta imp,"Jardin bio, Jardin biologique, L√©a Nature",9.5
Cereal Mix,Hacendado,5.6
Moroccan Spiced Falafel,Gosh,9.9
Alg√©rien sauce,Star,23.0
Muesli Prot√©ines,bjorg,13.0
NESTL√â DESSERT Noir 205g,"Nestl√©, NESTLE DESSERT, Tablettes",7.3
Chips sel de mer et poivre noir imp,Tyrrell‚Äôs,5.4
cioccolato fondente,fin carre,7.7
Muesli 4 nuts,Crownfield,8.1
Graze Marmite Crunch,Graze,7.9
Chipotle & lime,Manomasa,6.5
Crunchy Peanut Butter,Grandessa,5.4
Quinoa Gourmand,Tipiak,7.6
Granola Amandes Noisettes & Graines,Jordans,16.1
Crownfield Special Flakes Red Fruit,"Crownfield, Lidl",6.5
Muesli p√©pites croustillantes chocolat-noissette r√©duit en sucre,"Marque Rep√®re, Grain√©a",12.0
Seeded Sourdough,Bertinet Bakery,6.7
Whole Chia Seeds,The Foodie Market,34.0
Ginger 60% Cocoa Bar,Green & Black's,7.0
HIGH FIBRE CREAM CRACKERS,"Jacob's, Jacobs",6.4
Melloeux Fruit Rouges,"BelVita, LU, Mondelƒìz",7.2
Biscottes Compl√®tes bio,Carrefour,9.7
Country Crisp with Sun-Ripe Strawberries imp,Jordans,6.4
"Hazelnut, Pecan & Maple Oat Bars",deliciously ella,5.2
,"C√¥te d'or,Kraft Foods",8.9
Gr√£o-de-bico Chickpeas Lidl,"Sol&Mar, Freshona",7.6
Mince,Quorn,7.5
Chocolat noir Bio 70%,"C√¥te d'Or,Mondelez International",10.0
Belvita original  - Biscuits petit d√©jeuner miel & p√©pites de chocolat,"Belvita, Lu, Mondelez",5.7
Curly cacahu√®te l'original,"Curly, Intersnack, Vico",5.5
Grilletine froment,"Brioche Pasquier,Pasquier",6.3
PAIN MIE SANDWICH BIO* COMPLET Sans sucres ajout√©s 500G,Bien,6.9
Red Kidney Beans,Freshona,7.0
M√©lange de noix et d'olives,Alesto,8.3
Bran Flakes,Harvest Morn,16.0
French Inspired Lentils,Worldwide Foods,5.2
Cocoa Alpha Bites,BEAR,6.7
CRISP BREAD Blackpepper,RYVITA,14.5
Goody cao,Bellarom,7.5
Fakiat,Leaderfood,6.0
Dark chocolate,Moser Roth,8.5
Snack popp√© T&H,Too GoodFrance,8.6
Carottes r√¢p√©es √† la ciboulette,Saladinettes,28.0
Chocolat noir 75% P√©rou,Alter Eco,10.0
Chips de lentilles saveur oignons caram√©lis√©s,Vico,7.7
Pain de mie complet,joyfood,7.0
Confiture fraise sans sucre ajoutes,Lucien georgelin,8.9
Chocao,,6.4
Breakfast Milk & Cereals Biscuits,Belvita,6.4
Pain complet seigle,Bjorg,10.0
,"Nestl√©,Nescaf√©,Special filtre",34.1
Boulettes aux L√©gumes,"Nestl√©,Garden gourmet",5.9
Gerbl√© cacao c√©r√©ales,Gerbl√©,6.1
Pan de molde 12 cereales y semillas,Hacendado,6.3
Flocons d'avoine,"Marque Rep√®re, Grain√©a",10.0
Chia seeds,natural happiness,34.0
Petit d√©jeuner fruits rouges,Gerbl√©,6.6
Les galettes orge et boulgour au ch√®vre miel,C√©r√©al Bio,6.3
Noir amandes enti√®res,"C√¥te d'or,Mondelez",7.8
Pain de mie grandes tranches complet,"Marque Rep√®re, Epi d'Or, Scamark (Filiale E. Leclerc)",7.4
Chicoree soluble nature bio 100g,Leroux,15.0
Mixed Beans,Four Seasons,9.7
GARDEN GOURMET Nuggets Soja 200g,Garden gourmet,5.7
sirop d'agave,"Bio Village, Marque Rep√®re",5.7
Sweet Chilli & Red Pepper,Tyrrell‚Äôs,5.4
Super Seeds Salad Topper,Good 4U,14.0
Dried Mango,Alesto,5.3
Chocolate Chip Oat Biscuit Breaks,Nairn‚Äôs,5.4
Tortilla chips,Tesco,6.3
NESTL√â DESSERT 70% Absolu 170g,"Nestl√©,Nestl√© Dessert,Tablettes",10.9
Almendra natural,Hacendado,12.2
Mature Cheddar & Chive,Tyrell's,6.5
Veganer Schinken Spicker Mortadella,R√ºgenwalder M√ºhle,8.0
Bio crackers,Lidl,12.0
Crunchy Peanut Butter,Maribel,9.1
Smooth Almond Butter,Pip & Nut,10.9
,"Nestl√©, Nesquik",7.7
Cacau em p√≥,"Belbake Lidl, Belbake",29.1
SPECIAL K The Original,Kellogg's,6.0
,Snack Day,6.6
Super Berry Granola,Bio & Me,15.0
Soft Pitted Dates,Alesto,7.5
Mar√≠a 100% Integral,"Hacendado, Siro",11.0
Ricor√© Original Caf√© & Chicor√©e,Nestl√©,48.7
Menguy's Beurre de cacahu√®tes crunchy,Menguy's,6.7
Vegemite,"Sainsbury's, Sainsburys Taste the Difference Taste the difference",8.4
Complet au sarrasin,Gerbl√©,15.0
Black Beans in Water,Tesco,7.1
Wholemeal Bagels,New York Bakery Co.,6.2
Intense Dark Chocolate 85% Cocoa Solids,Marks & Spencer,10.2
Le Classique Soja et Bl√©,"Nestl√©, Garden gourmet",6.4
100% cacao puro natural,VALOR,34.0
Digestive Muesli,Gull√≥n,7.0
Scottish Rough Oatcakes,Savour Bakes,7.6
Shredded Wheat,Nestl√©,9.8
NESTL√â DESSERT Cors√© 200g,"Nestl√©, Nestl√© Dessert, Tablettes",10.6
Muesli Frutas,"Hacendado, Mercadona",10.0
Muesli,Bjorg,10.0
Original,ColaCao,7.8
TORTILLA WRAPS WHOLEMEAL,VILLAGE BAKERY,7.85714285714286
Hazelnut Butter Dark Chocolate,Hu,9.3
Krisprolls,Pagen,7.7
Amandes grill√©es sans sel,ma√Ætre prunille,9.3
Excellence Raspberry,Lindt&Spr√ºngli,7.0
Crunchy Peanut Butter,"Alcaf√©, Whole Earth",6.7
6 Wholemeal Pitta Breads,Rowan Hill Bakery,7.2
BelVita Original Petit D√©jeuner p√©pites de chocolat,"LU, belVita",7.1
Flocons d'avoine complets,Terres & C√©r√©ales BIO,10.0
Biscuits napp√©s de chocolat noir,Bjorg,7.1
Crunchy Muesli Multi Fruit,CROWNFIELD,7.6
Berry Delight Bars,Nakd,8.7
Pain grill√©,Brioche Pasquier,5.8
KitKat Cereal,Nestl√©,6.4
Muesli Swiss Style,Harvest Morn,7.2
Aiguebelle Mini Chocolate,Aiguebelle,6.0
,"Golden grahams,Nestl√©",6.5
Salade & Compagnie - Antibes,sodebo,8.0
,Sante,6.9
Vegetable chips,Deluxe,11.0
Heudebert Bl√© complet,Heudebert,6.5
Petit D√©jeuner Chocolat,"Belvita,LU,Mondelez",6.8
Muesli croustillant tradition,Terres et C√©r√©ales,5.9
FITNESS CHOC Barres C√©r√©ale 6x23.5g,"Fitness,Nestl√©",7.7
,Hacendado,13.3
Maxi tranches complet,"Carrefour, Carrefour-classic",5.8
Raisin Wheats,Kellogg's,7.6
Cocoa Delight,Nakd,9.4
Pesto basilico e pistacchio,Barilla,8.1
Really Nutty Granola,Specially Selected,6.4
Jutos,Jaouda ÿ™ÿ®ÿßÿ±ŸÉ Ÿàÿ™ÿπÿßŸÑŸâ,6111242106933.0
yogo fraise,extra lait,6.3
Harrys brioche tranchee pepites de chocolat sans additif 485g,Harry's,5.2
Muesli croustillant duo p√©pites,Terres et c√©r√©ales bio,7.6
Sticks Bretzels d'Alsace L'original,Dr. Oetker,6.2
Prince go√ªt tout Choco au bl√© complet,LU,5.1
Chocolat Noir - l'Original,C√¥te d'Or,7.5
Secret d'ar√¥mes plein sud,Knorr,5.8
Poulain,Poulain,10.5
Biscuit Chocolat C√©r√©ales,gerlinea,9.4
Original,wasa,19.0
Biscuits Abricot Pistache,Gerbl√©,6.1
,Crownfield,8.2
Walnuts XXL,Alesto,6.8
FRUIT & FIBRE FRUITY CRUNCH,TESCO,9.8
Jordans Natural Muesli,Jordans,11.6
Multigrain Hoops,Crownfield,8.0
,Pipas de la casa,8909.0
Protein drink plus,Zott,5.1
Superlevure,Gayelord Hauser,20.0
Swiss Style Muesli,Alpen,8.3
Lion cereal with caramel and chocolate,Nestl√©,7.0
Kelloggs Fruit & Fibre 700g,Kellogg's,8.8
Shreddies,Nestl√©,12.0
Very Berry Granola,Specially Selected,7.802
chilli and lime protein nut crunch,graze,7.4
P√©rou grand cru Amazonas 70% note de fruits rouges,ETHIQUABLE,15.0
Pipas tostadas gigantes aguasal,"Hacendado,Mercadona S.A.",8.1
Chocolate negro,"Carrefour, Carrefour S√©lection",11.0
Le pain aux C√©r√©ales,Carrefour,6.9
Muesli Crunchy Chocolate,Hacendado,6.0
Digestive Choco,gull√≥n zero sin az√∫cares,6.0
Cracker √©peautre et 3 graines,MA√éTRE JEAN PIERRE,9.3
Smooth peanut butter,Meridian,8.1
"Weetabix, Crunchy Bran",Weetabix,22.0
Scottish Oats,Tesco,8.4
Bran Flakes,Kellogg's,17.0
Muesli Crunchy,"Crownfield, Lidl",9.8
REFRIED BEANS,Old El Paso,5.5
Galletas Desayuno Zero Sin Az√∫cares,Gull√≥n,9.8
Special K Chocolat noir,Kellogg's,6.0
"Low Sugar Granola, Wholegrain Oats, Almonds & Seeds",Eat Natural,12.8
"Gran Cereale classico, Fiocchi d avena, farrone orzo","Barilla,Gran Cereale",8.0
granary wholemeal bread,Hovis,6.8
Mousline Nature,Mousline,7.0
Pain de mie american sandwich complet sans sucres ajout√©s maxi 900g,Harrys,8.1
Galettes millet et boulghour aux champignons,C√©r√©al bio,5.3
Chocolate negro 0% az√∫cares a√±adidos 85% cacao,Hacendado,13.0
Hogaza Masa Madre y Cereales,The Rustik Bakery,8.2
Pan Grat√≠,Schar,8.7
Grain√©a Muesli - 4 Noix,"Marque Rep√®re, Grain√©a",8.5
2 Vegetarian Mozzarella Burgers,Linda McCartney,5.2
Chocolat noir p√¢tissier,Nestl√©,7.2
Fruit Crunch Crisp,Ryvita,11.2
Spinach and Ricotta Tortelloni,Tesco,5.7
Pain AMS complet,Harrys,7.2
,QUAKER,10.0
Gran Cereale Cioccolato,"Barilla, Mulino Bianco",9.0
Weetabix organic imp,Weetabix,10.0
Cocktail Natural,Hacendado,9.0
Raw Fruit & Nut Bars - Salted Caramel,nƒÅkd,5.3
Supr√™mes pan√©s v√©g√©taux et gourmands,HappyVore,6.8
naturya organic cacao powder,Naturya,28.0
Vegane Pommersche Schnittlauch,R√ºgenwalder M√ºhle,5.1
Cacao & Orange Oat Bars,Deliciously Ella,5.7
CHEERIOS BIO C√©r√©ale 375g,"Nestl√©, Cheerios",9.9
Flocons d'avoine compl√®te 500g,Chabrior,10.0
Muesli crunchy frutos secos,Hacendado,6.0
Proper Corn Sea Salted Popcorn,Proper,10.9
Pain de Mie Complet,Assylor,7.0
Black Forest cherry dark chocolate,Montezuma's,9.0
Doritos go√ªt nature,Doritos,6.2
6 pains suedois 180g,La Boulang√®re,5.4
Petits pains grill√©s bl√© complet,"Marque Rep√®re, √âpi d'Or",6.9
Yoyos Strawberry Multipack 5 x,BEAR,8.0
Cocoa & Hazelnut Gut-Loving Granola,Bio & Me,11.4
NESTLE NESQUIK C√©r√©ales 450g,"Nestl√©, Nesquik",8.6
Muesli Crunchy 0%,"Crownfield,Lidl",8.1
L'Original noir,"C√¥t√© d'Or, Mondelez",7.5
Digestive avena,Hacendado,8.4
Picos 100% integrales,Hacendado,11.0
Scottish Rough Oatcakes,Tesco,9.6
Galettes riz chocolat noir,Bjorg,5.33333333333333
Tortilla chips,Trader Giotto's,5.7
,Nesquik,7.7
Croq' soja √† la provencale,C√©r√©al Bio,7.0
Vollkorn Roggen,Wasa,20.2
Kichererbsen,"Freshona, Freshona - Lidl",5.1
Ristorante Pizza Vegetale,Dr. Oetker,7.5
Tikka Masala Spice Paste,Patak's,6.8
100% trigo espelta integral,Anit√≠n,7.7
Tesco Smooth Peanut Butter 340G,Tesco,7.0
Bournville Dark Chocolate bar,Cadbury,5.5
McVitie's Rich Tea Delights,McVitie's,7.3
Pur√©e de cacahu√®tes,Jean Herv√©,7.6
Flocons d'avoine,"Carrefour BIO,Carrefour",10.0
Cashew Nuts,Alesto,5.2
Super Nutty Granola,Tesco Finest,8.6
Superseded sliced loaf bread,Asda,5.5
Red Kidney Beans in water,Sainsbury's,7.8
One Pot Meal Coconut Lentil Turmeric Daal,BOL,20.7
Pain de mie american sandwich nature sans sucres ajout√©s 550g,"Harrys, Harrys N√© √† Ch√¢teauroux",5.5
Flocons d'avoine 4 graines et raisins,Bjorg,11.0
Chocolat noir d√©gustation 85% cacao bio,"Bio Village,Marque Rep√®re",17.0
Bear Pure Fruit Yoyos Strawberry 20G,"Bear, Bear Nibbles",10.0
Blueberry Wheats,Kellogg's,8.0
Bournville Cocoa,Cadbury,12.1
Red Kidney Beans In Water,Tesco,9.6
Pur√©e,Mousline,7.7
RASPBERRY WHOLEGRAIN OAT BARS,stoats,15.0
Noir 70 %,Biocoop,13.0
Pain de mie sans croute complet 330g,"WW, Weight Watchers",5.9
Ha√Øti Grand cru Cap ha√Øtien 72% cacaot√© et fruit√©,√âthiquable,9.7
Pur beurre de cacahu√®te crunchy,L√©a Nature,5.5
Harrys pain de mie extra moelleux complet sans sucres ajout√©s 280g,Harrys,6.0
Gran Cereale Frutta,"Barilla, Mulino Bianco",8.4
Crousti fondant choco-noisettes,"Nestl√©, Nat",6.2
Smooth Peanut Butter,Pip & Nut,7.4
Jordans Country Crisp,Jordans,6.1
bitesize wheat shreds,Crownfield,12.5
Smooth almond butter,Meridian,12.0
chocolat noir aux p√©pites,Carlotti,12.4
Cracotte fibres,LU,11.0
Granola Fruits Rouges,Bjorg,8.0
Peanuts roasted & salted,Alesto,8.2
Cuor di cereale cioccolato,Gull√≥n,10.0
,Gull√≥n,14.0
Smooth Peanut Butter imp,Whole earth,6.5
Sensations Thai Sweet Chilli Crisps,Walkers,5.9
Corn Smoked BBQ Crunchy Corn,Love Corn,7.0
Lentils in water,Napolina,7.82
GARDEN GOURMET Sensational Burger Soja 226g,"Garden gourmet, Herta, Sensational",5.9
ColaCao Cero,ColaCao,24.0
La Vicoise saveur sel de mer,Vico,5.4
Biscuits Petit d√©j Bio C√©r√©ales Miel,"Gerbl√©, Gerbl√© Bio",6.7
4 Pains burger g√©ant √† la farine  compl√®te,Jacquet,5.8
Aiguillettes v√©g√©tales et gourmandes,HappyVore,6.0
Croustillant graines de courge et de tournesol,"Carrefour BIO, Carrefour",6.2
Protein Peanut & Chocolate Bars,Nature Valley,11.0
Manilife Deep Roast Peanut Butter,Manilife,9.1
brown sourdough bloomer,Tesco,6.5
NESTLE CHOCAPIC C√©r√©ales 645g,"Nestl√©, Chocapic",7.7
Whole Grain Rye Beard,"Bio Organic, Gr√§fschafter, Lidl, Ma√Ætre Jean Pierre, Tastino",10.1
Special Flakes Chocolate Noir,Crownfield,8.4
Crema Novi Haselnusscreme,Novi,6.9
Molinetti,"Barilla,Mulino Bianco",6.0
Petites Madeleines  -30% de sucres,St Michel,6.4
"Fruit, Nut and Seed Muesli",Sainsbury's,8.8
Twiglets,Jacob's,11.3
Unsalted Roasted Nuts,KP,8.7
Manteiga de amendoim cremosa,"Maribel,Lidl",7.0
54% cocoa dark milk chocolate bar,Marks & Spencer,6.2
Biscottes Forme+,"Heudebert, Lu, Mondel√®z International",7.8
premium m√ºsli,Crownfield (Lidl),8.7
Falafel,Vemondo,7.6
GLuTEN FREE Sandwich Chocolate,Gull√≥n,6.5
Pain de mie sandwich complet 550g,U,6.5
T&C Muesli croustillant avoine amandes sans gluten,Terres et C√©r√©ales BIO,6.9
,Hacendado,9.3
Chocolat C√¥te d'Ivoire grand cr√ª M'Brimbo,√âthiquable,11.0
Extra chocolate y avellanas,Kellogg's extra,7.0
Savane chocolat,Brossard,5.5
Muesli de quinoa y chocolate,"Carrefour BIO, Carrefour",6.8
Tesco Tahini,Tesco,7.5
Nutritional yeast,Bosh Nooch!,23.2
Ancient Grains Probiotic Granola,Nature's Path Organic,12.0
Smooth peanut butter,Lidl,5.4
Saveur Barbecue,TOO GOOD,8.5
Bl√ºtenzarte K√∂lln Flocken 100% Vollkorn-Hafer,"K√∂lln, Peter K√∂lln GmbH & Co. KGaA",11.0
Quaker Cruesli Frutta Secca,Quaker,10.0
Pois Chiches Tr√®s peu de jus 1/2,Bonduelle,7.7
Quaker Flocons d'avoine,Quaker,9.0
Haricots rouges Cultiv√©s en France d'aucy 250g,D'aucy,6.5
Cold Milled Flaxseed,Linwoods,20.0
Pistacho tostado sal,Hacendado,10.0
So Simple Original Family Pack Porridge,Quaker,9.0
Cocktail Tostado 0% Sal A√±adida,Hacendado,13.7
Scottish porridge oats,SO,8.3
Wasa tartine croustillante sensation aux graines de chia & touche de sel 245g,Wasa,20.0
Pan tostado integral,"Carrefour BIO, Carrefour",7.5
Quaker Cruesli Chocolat noisette,"Cruesli,PepsiCo,QUAKER,Quarker",10.0
Houmous,Blini,7.4
Mini Bites Quinoa & Ch√≠a,gull√≥n,8.3
Original Salted Peanuts,KP,8.5
Cacao & Almond Oat Bars,Deliciously Ella,5.2
Finest Wholemeal Loaf,Tesco,6.3
Wholewheat Fusilli,"Baresa, Lidl, Lidl Baresa",7.4
Concentr√© de tomates,Aicha,5.1
Crunchy,Bjorg,6.0
Barritas de avena chocolate negro,Hacendado,6.5
Flocons d‚Äôavoine,,10.0
Cashew Butter + Pure Vanilla Bean Dark Chocolate,Hu,8.1
Puffed Wheat,By sainsbury's,9.2
Cocoa Powder,Tesco,28.3
Doritos cheese,"Doritos, PepsiCo",5.5
Les craquantes bl√© complet,"Marque Rep√®re, √âpi d'Or",11.0
Muesli Bars Chocolate,Crownfield,6.2
Biscottes au bl√© complet x36 tranches de 300g,U,10.0
Schinken Spicker Grillgem√ºse,R√ºgenwalder M√ºhle,7.4
Muesli CroustillantNoix,Auchan,5.9
Dunkle Ganze Mandel,"Fin carr√©, Lidl",9.1
Pain campagnard Gerbl√© sans gluten,Gerbl√©,7.7
Traube-Nuss M√ºsli 68% Vollkorn,"Crownfield,Lidl",10.8
Mince,Quorn,7.5
Smooth Peanut Butter,Maribel,9.3
Muesli,Harvest Morn,8.1
Red Kidney Beans in water,The growers harvest,9.6
Blueberry & Honey Porridge Oat Bars,Stoats,15.0
Houmous,"Saladinettes,Lidl",8.2
Love Corn Salt & Vinegat,Love Corn,9.4
Rough Oatcakes,"Sainsbury's, By sainsbury's",10.0
Chick Peas,Aldi,6.0
Digestive avena chocolate con leche,Hacendado,6.3
Biscottes compl√®tes sans sucres ajout√©s x36,Chabrior,11.0
"Chocolat Noir 72%, Collection Pure",Villars,11.0
Nuts Royal,"Alesto,LIDL Alesto",8.5
Wraps Multigrains,"Gruma,Mission Wrap",6.4
Nature valley crunchy,Nature valley,6.6
"Gullon Cuordi Cereale Tradizionale, Alto Contenuto Di Fibra",Gullon,12.0
Salade Roma,Sodebo,9.3
Berry Delight Fruit & Nut Bar,Nakd,8.7
Tesco Organic Porridge Oats 750G,Tesco,8.4
Shredded Wheat 16s imp,Nestl√©,12.0
Crunchy Variety,"General Mills, Nature Valley",7.0
Peter‚Äôs Yard Sourdough Crispbreads,Peter‚Äôs Yard,6.5
Proper corn sea salt,Proper,10.9
Doritos,Doritos,6.8
"Sharwood's Poppadoms, Plain",Sharwood's,9.0
Single Estate Venezuelan Dark clChocolate,Sainsbury's taste the difference,8.8
"Muesli fibres - Son de bl√©, Figues, Pruneaux",Bjorg,15.0
Benco,Benco,6.7
Pain de seigle complet Epeautre et √©peautre vert,Ma√Ætre Jean Pierre,9.7
Petits pains grilles,Carrefour,6.9
biscottes brais√©es,Carrefour,14.0
Chocolate negro 85%,Hacendado,15.0
Digestive fibra 23%,Hacendado,23.0
Cheerios Aveia,Nestl√©,10.3
,Mulino Bianco,6.0
"Linwoods cold milled flaxseed, sunflower, pumpkin & chia seeds & goji berries",Linwoods,18.0
Guacamole Original,Holy Moly Dips,6.9
Whole almonds,"The Foodie Market, Aldi",12.5
Cadbury DAIRY MILK Cadbury DAIRY MILK THE CLASSIC,Suchard,13.0
Napp√©s Intenses √âclats de F√®ves de Cacao,Bjorg,9.0
Chocolat noir 85% cacao,"Marque Rep√®re, Equador",17.0
Muesli crisp 4 noix,Chabrior,9.5
Tablette BIO d√©gustation Chocolat noir - 100g,Ivoria,9.3
Grain√©a granola noix,GRAIN√âA,8.9
Special k,Kellogg's,6.6
Chickpeas in Water,Four Seasons,7.1
Baked Beans,Branston,5.9
Choc Shot,Sweet Freedom,7.5
"Ultimate Granola √òkologisk, 400 g",Handelshuset Hette AS,7.4
Really Nutty Muesli,Specially Selected,7.8
Manchego & Green Olive,Manomasa,7.0
Chocca chocolate spread,Meridian,5.6
Beurre bio cacahu√®tes crunchy,Ethiquable,8.3
"Butternut squash, tomato & basil Falafel",Aldi,7.5
Green & Blacks Smooth Mint,Green & Blacks,6.7
Nudeln Bio-Organic Vollkorn-Spaghetti,"Combino, Lidl",7.0
Lentilles fa√ßon petit sal√©,"Jardin Bio, L√©a nature",7.2
100% Cacao maigre En poudre,Carrefour,30.0
Datteln,"Alesto, LIDL",7.4
STARBUCKS Signature chocolat 70% 300g,"Signature chocolate, Starbucks",12.3
Malt Lunchbox Loaf,Soreen,9.0
Scottish porridge oats,By Sainsbury's,8.3
Korma spice paste,Patak's,6.0
Walnuts,"Tesco,Iceland",6.3
Natural Tahini,Al‚Äôfez,9.3
Cheerios Multigrain,Nestl√©,9.0
Fruit Slices APPLE,Go Ahead,6.5
PastƒÉ de alune ECO,DmBio,11.0
Pain de mie american sandwich 7 c√©r√©ales sans sucres ajout√©s 550g,Harrys,7.6
Ramen,Noody,6.0
Muesli aux fruits,Terres & C√©r√©ales Bio,11.0
NESQUIK Poudre Cacaot√©e bo√Æte 500g,"Nestl√©, Nesquik",7.7
Pain de mie Bio petites tranches complet & levain sans sucres ajout√©s 280g,"La Boulang√®re Bio, La boulangere",5.9
"RICORE Original, Caf√© & Chicor√©e, Recharge 180g",Nestl√©,45.3
Pan de Molde Semillas & Pipas,HACENDADO,5.7
Starbucks signature chocolat,Starbucks,12.4
Tableta chocolate negro 85%,Carrefour BIO,12.0
M√ºesli Croustillant Fraise,GOLDEN BRIDGE,7.1
Special K Red Berries,Special K,6.6
4 Seed Sensations Bread,Hovis,5.3
FLOURLESS SPROUTED GRAIN BREAD,Food For Life,6.0
Red Kidney Beans in Water imp,Napolina,6.2
Dark chocolate nuts & sea salt,KIND,5.2
Fourr√© FIGUES,Gerbl√©,5.6
Aldi Very Berry muesli,Specially Selected,7.7
Jordan's Super Berry Granola,Jordans,6.7
Red Lentil & Beetroot Fusilli,The Foodie Market,7.7
Schoko Reis Waffeln,Alnatura,6.5
Biscottes compl√®tes,"Bio Village, Marque Rep√®re",11.0
Pruneaux d'Agen d√©noyaut√©s,Ma√Ætre PRUNILLE,7.9
Farine de bl√© compl√®te - T150,Francine,9.5
"NESCAF√â NES, Caf√© Soluble, Bo√Æte de 25 Sticks (2g chacun)",Nestl√©,34.1
Pan tostado 100% integral bajo en sal y en az√∫cares,"Hacendado,Anitin",10.9
Crackers integrales,Galbusera,6.5
Tablette d√©gustation chocolat noir 85% - 100g,"Ivoria, Les creations",14.0
Peanut butter,PROZIS,6.8
Pain de table Bio aux graines de lin & tournesol 400g,la boulang√®re,5.8
Petits flocons d'avoine compl√®te,"Carrefour BIO, Carrefour",10.0
Smoky Ham Free Slices,Quorn,8.5
Biscottes bl√© complet Sans sucres* et sans sel ajout√©s,Carrefour BIO,9.9
Meridian 100% Crunchy Almond Butter,Meridian,12.0
Crispy Minis imp,Weetabix,9.8
"Dried prunes, pitted and ready to eat",The Foodie Market,5.2
Smooth Almond Butter,"Maribel,Lidl",8.3
Black beans in water,Sainsburys,7.7
"sweet potato pakora with red pepper, cumin and chilli",Gosh!,6.8
6 carb lite wraps,Deli Kitchen,6.0
Nutty Super Wholefood Salad,M&S Food,5.6
Noir 85%,Biocoop,19.0
Matin Chocolat,Gerbl√©,8.3
Fraise,Gerbl√©,14.0
Chocolat instantan√© Fa√ßon Bistrot,Van Houten,10.8
Pain de mie Grand Mie complet,Chabrior,6.8
Sabl√©s Pavot Coco,"Gerbl√©, Gerbl√© Bio",5.4
Mandorle intere,Belbake,11.2
Flageolets pr√©par√©s 1/2,Cassegrain,6.2
Petits pains grill√©s au bl√© complet,"Chabrior, Intermarch√©",8.3
Nicaragua grand cru waslala 75%,Ethiquable,9.7
PROTEIN Crunch,Weetabix,7.1
Bio crackers,ma√Ætre Jean pierre,10.0
gullon zero wafer vanilla,Gull√≥n,10.0
Gull√≥n Z√©ro - Choc Tablet,Gull√≥n,6.3
Pistacho tostado 0% sal,Hacendado,11.4
All Bran Original,Kellogg's,27.0
Wholegrain Crackerbread,Ryvita,8.5
Organic Gluten Free Mesa Sunrise,Nature's Path,10.0
Confiture abricot,Lucien Georgelin,11.2
"Protein Trigo, Avena & Quinoa",Nestle,12.4
chocolate negro,carlotti,11.0
Digestive sin az√∫cares,Gull√≥n,6.5
Country Crisp Fruits & Noix,Jordans,6.1
Vollkornbrot,Jacquet,10.0
,"Nesquik,Nestl√©",5.2
Petits pains grilles,Carrefour,6.9
Muesli avoine amandes chocolat,TERRES ET C√âR√âALES,6.8
Chocolat Noir Amande et √âcorces d'Orange,lidl jd gross,6.7
Pain Carr√© Dor√© 525g,La Boulang√®re,5.2
c√©r√©ales Chocapic,Nestl√©,7.5
Eat Natural Bar Peanut&Chocolate 45g,Handl norway as,7.3
C√©r√©ales Muesli croustillant au chocolat noir 500G,"U,U Bio",8.1
Sweet & Salty Nut,Nature Valley,10.1
"Raisin, Nut & Honey Granola",By Sainsbury's,7.3
High Protein Granola Cranberry & Almond,Crownfield,5.9
Tartines de Pain multi-c√©r√©ales,Pasquier,5.3
Original,Weetabix,10.0
Muesli crunchy,MUESLI CRUNCHY,6.4
Chocolat Noir 95% Togo,Alter Eco,14.0
Chocolat noir 72% cacao,"Marque Rep√®re, Equador",12.0
Muesli Crunchy Fruta,Hacendado,6.0
Granola aux fruits,One Day More,10.3
Crousti' Avoine nature,Bjorg,9.4
Mandeln,"Alesto,LIDL",12.1
Oatcakes - Organic,Nairn's,8.6
Croustillant chocolat,Bjorg,9.8
Fruit & Fibre,Harvest Morn,8.7
Erdn√ºsse,"√últje, √ºltje",8.2
Five Bean Salad,Napolina,6.2
Biscotte bl√© complet,Pasquier,11.0
100% peanut butter crunchy,millies,9.2
Multigrain Crackers,Rivercote (LIDL),6.2
Whole Chia Seeds,"Alesto, Lidl",32.5
Super Nutty Granola,Jordans,6.7
Tempeh Organic,Better Nature,6.6
Choco Tom gaufrettes,Tom,9.45
NESQUIK Poudre Cacaot√©e bo√Æte 500g,"Nestl√©Nesquik, Nestl√©, Nesquik",7.7
Galette √âpeautre Son d'Avoine,Bjorg,9.8
Pain d'Epices au Miel,Brossard,5.7
Biscottes 6 cereales,"Marque Rep√®re, √âpi d'Or",6.0
Barritas de trigo y arroz integral con chocolate con leche,Hacendado,7.4
Cacahu√®tes grill√©es sans sel ajout√©.,Carrefour,8.6
Piquitos con salvado,Piquitos San Roque,5.7
Special k Red berries imp,Kellogg's,6.6
Baked Beans In Tomato Sauce,Essential Waitrose,8.4
Takis Fuego 90g,Eagle,8.6
Baked beans,Simply,6.2
Red and white quinoa,Aldi,5.4
Wholegrain Wheat Bisks,Marks & Spencer,8.0
6 Wholemeal Pittas,Asda,9.7
Super Seeded Cob,M&S Eat Well,6.0
Cube de bouillon d√©shydrat√© saveur poulet,damti,10.0
Protein Peanuts & Dark Chocolate,Eat Natural,7.3
NESTLE DESSERT Cacao en Poudre bo√Æte 250g,Nestl√©,28.0
POULAIN NOIR EXTRA 200G,Poulain,7.0
Muesli Crunchy 4 noix,muesly,6.1
Biscuits √† l'orange Orange et au graines de Chia,"Gerbl√©, Gerbl√© Bio",6.6
Pur√©e cacahu√®te,Jean Herv√©,7.6
Gran cereale croccante con riso,Gran cereale,9.2
Boulettes de pois chiches Patate douce Curcuma,Hari&Co,6.2
"Gerbl√© - Organic Muesli Fig Apricot Spelt Cookie, 132g (4.7oz)",Gerbl√© Bio,8.2
Noir,Nocilla,5.3
Tartines croquantes,"Aldi, Simplement Bon et Bio",9.3
Deluxe Really Nutty Muesli,Lidl,7.5
Snack a Jacks Caramel Rice Cakes,Snack-A-Jacks,11.2
Black Beans in Water,Four Seasons,7.7
High Fibre Bran,Sainsbury's,8.8
Malted Wheaties,Asda,10.0
Original Roast Crunchy Peanut Butter,ManiLife,7.6
Mousline,Mousline,7.0
Cocoa Powder,The Pantry,12.1
C√©r√©ales compl√®tes au chocolat noir intense,Bjorg,9.5
Tablette de chocolat noir 100g,"U, U Bio",14.0
Pains grill√©s  Bl√© complet,"Marque Rep√®re, Epi d'Or",6.8
Granola Crunchy Honing - Miel,Carrefour,6.6
cafe de cereales,Nestl√©,7.7
Pain campagnard avec du sarrasin et de levain,Sch√§r,6.8
NESQUIK Poudre cacaot√©e bo√Æte 1Kg + 20% offert,"Nestl√©, Nesquik",7.7
P√¢te √† tartiner bio - 40% noisettes - Chocolat Noir,Bovetti,6.0
Pain de mie 7 c√©r√©ales et graines,Mannapain,5.3
Granola chocolat noir - faible en sucre,Jordans,16.9
Schinken Spicker Schnittlauch,R√ºgenwalder M√ºhle,8.88
Fette biscottate,Misura,13.0
Campagnard Sans gluten et sans lactose,Gerbl√©,12.0
Chilli Heatwave Tortilla Chips,Doritos,5.6
Lays,Lay's,5.2
Bran flakes M&S,M&S,16.0
Honey Roast Crunch,Graze,8.8
Sabl√©s bio chocolat noir intense,Gerbl√©,5.8
NESTLE DESSERT Noir Bio 170g,"Nestl√©, Bio, Nestle dessert",6.7
Son d'Avoine Bio,Bjorg,15.0
Flakes de sarrasin,Terres et C√©r√©ales,5.6
Biscuits caramel √©peautre,Gerbl√©,8.5
Dolca chocolate negro,"Dolca,Nestl√©",6.9
raw fruit & nut bar,nƒÅkd,9.5
Chocolate Granola,"Nestl√©, Fitness",7.6
muesli superfruits,Bjorg,9.6
Crunchy Maple Syrup,Nature Valley,6.0
What The Cluck Vegan Chicken Style Chunks,The Vegetarian Butcher,6.2
Burger r√∫stico,Hacendado,8.0
Wheat Bisks,Asda,10.0
Pain de mie complet Grandes Tranches,Auchan,6.4
Butter beans in water,Sainsbury's,7.3
Sticky Toffee Oat Boosts,Graze,16.0
Soft Bakes Blueberry,"Belvita,Mondelez",7.5
Caramelised Onion & Balsamic Vinegar Pea & Bean Sticks,Off The Eaten Path,9.1
Bio Vollkorn Penne Rigante,"Envia, Natur Gut",7.0
C√©r√©ales Extra Pepites Kellogg's Choco Noisettes,"Kellogg's, Extra, p√©pites",5.8
Pain grill√© au bl√© complet,Carrefour Original,6.8
"Tartine p,tit dej",Jacquet,5.3
Biscottes sans sucres ajout√©s,Pasquier,8.7
Pain de mie complet sans cro√ªte,"Lidl, Ma√Ætre Jean Pierre",6.5
M√ºsli Multifrucht,"Crownfield,Lidl,Br√ºggen",9.4
Boulgour tradition,Tipiak,11.0
Pomodori essiccati Sun-Dried Tomatoes,ITALIAMO,6.0
Peanut Butter,Fiorentini,8.2
Sensational Soya & Linseed Bread,Vogel‚Äôs,6.6
Coop Irresistible Super Seeded Farmhouse,Coop,6.9
Takis Queso Volcano 90g,"Bimbo, Takis",6.1
Cocoa powder,Tesco,28.3
Root Vegetables,Tesco,10.1
Takis Fuego,Barcel,8.6
Copos tostados de trigo integral y arroz con chocolate,Hacendado,9.1
NESTLE NESQUIK BIO C√©r√©ales 375g,"Nestl√©, Nesquik, Nesquik bio",8.7
Poulain Bio 34 % de cacao,POULAIN,12.0
Cruesli miel et noisettes,"Cruesli, QUAKER",9.4
"Gerbl√© - Sesame Chocolate Cookie, 200g (7.1oz)",Gerbl√©,5.6
Formule boost,Daco Bello,7.3
Menier P√¢tissier Tablette,"Nestl√©, Menier",8.7
Country Crisp 4 Noix,Jordans,6.1
Muffins complets,EPI D'OR,6.8
Petits Pains Grill√©s Au bl√© complet,"Marque Rep√®re, Epi d'Or",6.3
Petits pains grill√©s au bl√© complet 400g,U,6.3
S√©l√©germe,Gerbl√©,18.0
Edulcorante de Mesa a Base de Ciclamato y Sacarina,Hacendado,8.3
Hummus con pimiento del piquillo asado,Hacendado,6.3
Lentilles Vapeur,Bonduelle,6.8
Panecillo 100% integral,Mercadona,7.2
Scottish Rough Oatcakes,Rivercote,8.7
Organic cacao nibs,Naturya,10.0
Nuts & seeds muesli,Tesco,8.8
Cannellini Beans,Sainsburys,15.0
Gullon zero Snack Choco,Gull√≥n,9.2
Chocodays,Hacendado,7.6
chocolat NESTLE DESSERT Noir 2X205g,"Nestl√© dessert, Tablettes",7.2
Soja texturizada fina,Hacendado,15.0
Chocolat noir aux √©corces d'orange,Alter Eco,8.5
FITNESS Cerealien,Nestl√©,10.7
Cereales de chocolate y avellana,Hacendado,5.2
100% cacao maigre non sucr√©,Bio Village,31.0
Linguine- P√¢tes alimentaires de semoule et de bl√© dur 500G,Barilla,8.0
Fr√ºchte Hafer-M√ºsli,LIDL,8.4
Californian Pistachios - Roasted & Salted,Alesto,7.6
Pi√π integrali,Galbusera,11.0
Brioche Chocolat,PITCH,5.3
Doritos Cool Original 180g,Doritos,5.6
Special k chocolat au lait,Kellogg's,5.3
Raw Fruit & Nut Bar,Naked,8.4
SUPER SMOOTH PORRIDGE,TESCO,7.9
"Beurre de cacahu√®tes, 350g",U,7.9
Srop de yacon,Yacon&Co,54.0
Sundried Tomato & Oregano Bread with Sourdough,Tesco,5.2
Wheat Bisks,,10.0
crema di arachidi,Maribel,8.2
Natural 100%,Bimbo,6.1
,Wedo,86.0
Chocolat noir 98 % √âquateur,√âthiquable,14.0
Sp√©cial mie Complet,Classic,7.1
Pois chiches,Carrefour,6.1
Belvita petit d√©jeuner,"Belvita, LU, Mondelez",6.1
Nusskernmischung,Seeberger,5.7
Buongrano Integrale,"Barilla, Mulino Bianco",7.0
Krisprolls Complets Sans sucres ajout√©s,Krisprolls,8.3
Muesli Crunchy fruits rouges,Crownfield,7.5
Pain complet au sarrasin,Gerbl√©,15.0
Weetabix Chocolate 24s - Tesco imp,Weetabix,10.0
Cannellini Beans in Water,Tesco,6.3
Organic black beans,Biona Organic,6.9
Tahini,Cypressa,8.0
Almendra sin piel,Hacendado,10.3
Beta3 Oatbran,Mornflake,19.4
Granola Cinnamon & Pecan,Spoon,9.1
Protein Kn√§cke K√ºrbiskern,Dr. Karg's,7.8
Salted dark chocolate almonds,Forest Feast,7.6
Raspberry & Apple Soft Oaty Bars,Organix,13.0
Matin Miel,Gerbl√©,8.6
Oh my crisp ! - Noix,JORDANS,18.0
Sabl√©s s√©same & pavot,Cereal bio,6.5
Tomatenpuree,"Baresa, Freshona",5.04
Cacao puro en polvo desgrasado,Valor,32.0
Pan 5 semillas,Hacendado,5.1
,Wasa,11.0
Harrys brioche tranchee farine complete sans additif 485g,Harrys,7.5
Panecillos cereales y semillas,Hacendado,6.8
Steak v√©g√©tal,C√©r√©al Bio,5.4
zero sin az√∫cares Barquillos Vainilla,Gull√≥n,10.0
Chocolate negro,Nestl√©,10.9
Croustillant fruits rouges,"Carrefour BIO, Carrefour",9.2
Barres c√©r√©ales FRAISE,"Carrefour BIO, Carrefour",10.0
Essential waitrose wholewheat biscuits,Waitrose,10.0
Red Kidney Beans in Water,Freshona,6.9
Krisprolls froment,Krisprolls,6.7
Smooth peanut butter,By Sainsbury's,6.4
Frosted wheats,Kellogg's,9.0
Special k,Kellogg's,6.0
Sourdough Crispbread,Peter's Yard,8.1
Simply Granola,Sainsbury's,7.3
Cashew Crush Raw Fruit & Nut Bars,Alesto,7.2
MultiGraines,Bimbo,6.7
Protein Bar,KIND,13.0
Miel pops loops,Kellogg's,7.5
Toast crock' c√©r√©ales compl√®tes,Carrefour,13.0
Flocons d avoine,javana,9.1
Choco crousti,Poulain,11.0
Pitted Prunes,Alesto,6.9
Country crisp bio Chocolat Noir,Jordans,6.0
Avoine citron üçã graines de chia,Bjorg,8.5
4 Muffins Complet,Carrefour,6.7
Digestive 0%,Hacendado,5.9
70% √©quateur,Alter Eco,10.0
Petits pains grill√©s au bl√© complet,Mannapain,6.9
Chocolat noir,SCHOLETTA,15.0
Crunchy Oats & Honey,Nature Valley,6.4
Peanut Butter Creamy,Fiorentini,6.0
"Muesli 35 fruits, noix et graines","Carrefour BIO, Carrefour",8.9
Muesli croustillant 3 noix,"Bio Village, Marque Rep√®re",7.6
Plain Wheats,Kellogg's,11.0
Salade & Compagnie - Montmartre,Sodebo,6.4
,Schneider Brot,9.6
Organic wholemeal digestive biscuits,Doves farm,6.8
D√©gustation - Chocolat Noir 72% Cacao,"Maestro,Sa√Øda",11.0
wheetos,Weetabix,7.0
Porridge Oats 1.5kg,"Sainsbury's, By sainsbury's",8.3
Whole Grain Mustard,Bramwells,12.0
Kellogg Bran Flakes,Kellogg's,5.1
Cannelloni beans,Napolina,8.0
Tahini,By sainsbury's,8.7
Biscuits avoine chocolat,"Carrefour BIO,Carrefour",6.7
Ferme vanille,Jibal,6.0
Mezze houmous + rainbow veg grain bowl,Pollen + grace,9.2
Flutes aux 3 graines,Kambly,6.0
NESTLE LION Barres de C√©r√©ales 6x25g,"Nestl√©, Lion",6.6
Pain grill√© au bl√© complet - BIO,Chabrior,6.8
Biscottes aux 6 c√©r√©ales x36 - 300g,U,6.7
coquillette,Barilla,8.0
Chocolat noir 74% C√¥te d'Ivoire,Ethiquable,15.0
Teriyaki,C√©r√©al Bio,5.9
Crousti' Avoine Superfruits,Bjorg,9.2
CremaNovi,Novi,6.9
Cruschelle,Balocco,7.4
"P√¢ine cu semin»õe, feliatƒÉ",Chef Gourmand,6.3
Soft Bakes Choc Chip,Belvita,6.9
Snack mix,Alesto,7.0
Classic Caf√© Soluble,Hacendado,22.0
Avena con chocolate negro - sin az√∫cares a√±adidos,Gull√≥n,9.0
Red Onion & Rosemary Sausages,Linda McCartney's,6.0
Thins - Multiseed Flatbreads,Aldi,7.7
Baked Beans,Branston,5.9
Milled Flaxseed,"Alesto, Lidl",28.8
Semillas de ch√≠a,Hacendado,3000.0
Gerble - Miel Ch√¢taigne graines de lin,Gerbl√©,5.3
Muesli bio noix & graines,Jordans,8.7
Quinoa et boulgour √† l'indienne,C√©r√©al bio,7.5
Poudre cacaot√©e bio 32% de cacao Max Havelaar,"Bio Village, Marque Rep√®re",11.0
Biscuits craquants saveur citron,"Karelea, L√©a nature",6.3
Pain grill√© au bl√© complet 500g,U,6.8
Houmous,Carrefour,5.7
90% cacao noir,Carrefour,13.0
Peanut butter Crunchy,Prozis,6.8
chapelure,"Belbake, Lidl, Navarre",5.2
Quesco fresco cabra,Hacendado,12.7
Kar√©l√©a √©pautre noisette,"Kar√©l√©a, L√©a Nature",7.5
"Gerble - Organic Chocolate Cookie Flavored w/ Banana, 132g (4.7oz)","Gerbl√©, Gerbl√© Bio",7.8
Granola Miele,"Nestl√©, Fitness",7.0
Buonicos√¨,Galbusera,7.0
Barres C√©r√©ales Graines et Amandes,"Carrefour BIO, Carrefour",13.0
C√©r√©ales Granola Noix & Graines 350G,U,7.7
Cuore di cereale. Biscotti di avena con frutti rossi,Gull√≥n,8.0
Smooth Peanut Butter,Tesco,7.0
Cocoa Orange Oat Boosts,Graze,17.0
Chips de lentilles,Vico,7.3
Multiseed bloomer,Jacksons,6.0
Gently baked mango,urban fruit,9.0
Yoyos Raspberry Multipack 5 x,"Bear, Bear Nibbles",10.0
Wheat Biscuits,Stockwell,8.0
Multigrain Dino shape,Harvest Morn,5.8
100% Nuts Smooth Peanut Butter,Sainsburys,6.6
Copos de avena,Bruggen,10.0
Tortilla chips,"General Mills, Old El Paso",6.5
Chocolat noir sans sucres ajout√©s,Gerbl√©,18.0
Fa√ßon Chili,C√©r√©al Bio,6.9
Pasta Lentejas Mercadona,"Felicia,Hacendado",7.6
Chips nature Ancienne,Bret's,5.5
Pan tostado cereales y semillas,Hacendado,7.8
guacamole,Old El Paso,10.3
Pur√©e d'Amandes compl√®tes,"Carrefour BIO, Carrefour",11.0
Ambassadeur noir pr√©cieux 70% cacao,Bimo,5.73
Pi√π integrali Ricchi di Fibre Segale,Galbusera,10.0
Bio-Erdnussbutter mit knackigen Erdnussst√ºckchen,"Allos Hof-Manufaktur GmbH, Whole Earth",8.4
Beanz No added sugar,Heinz,7.2
Wraps protein√©s,"WW, Weight Watchers",6.1
Original Rye Crispbread,Aldi Savoury Bakes,14.6
Mixed Bean Salad in Vinaigrette,Tesco,8.2
Waitrose Belgian Dark Chocolate 72%,Waitrose,16.1
Soft Golden Wholemeal Farmhouse,Marks and Spencer,7.5
Sweet chilli crunch,Graze,7.6
peri peri crunch,graze,9.0
Crunchy Sweet & Salty Peanut Butter,Pip & Nut,6.2
Very Strong Wholemeal Bread Flour,Allinson‚Äôs,11.0
Wraps ble complet,Mission,9.80000019073486
immunity power soup butternut squash & chilli,BOL,6.6
Quaker Muesli Croustillant Myrtilles & baies de goji,"Muesli Croustillant, Quaker",14.0
Petits pains grill√©s au bl√© complet,Chabrior,8.3
Fusilli Bl√© complet,Carrefour,6.0
,Novi,6.9
Cruesli Chocolate,"PepsiCo, Quaker",10.0
Pain au seigle complet,"Marque Rep√®re, √©pi d'or",11.0
Oatflakes,Sant√©,6.9
Muesli avoine chocolat,Bjorg,9.5
Guatemala grand cru alta verapaz,Ethiquable,10.0
Raisin & Almond Granola,Crownfield,5.9
Fruit'n Fibre,Kellogg's,9.0
Bitesize Wheat Shreds,Harvest Morn,12.5
Muesli Noix,SIMPLEMENT BON ET BIO,9.5
Pittas Wholemeal,Morrisons,7.8
Peanut butter,"Lidl, Vita d&#039;Or",7.0
Protein Granola Honey and Seeds,Harvest Morn,5.6
"Flaxseed, Sunflower, Pumpkin & Chia Seeds & Goji Berries",Linwoods,18.0
Absolute Black Orange & Cocoa Nibs,Montezuma‚Äôs,17.0
Low Sugar Grain-free granola,The Paleo Foods Co,16.3
Le pain,Carrefour,7.2
Chocolate con Leche,"Nestl√©,Fitness",9.1
Les Bouch√©es Soja et Bl√©,"Nestl√©, Garden gourmet",8.5
Curly cacahuete,"Curly, Intersnack, Vico",5.5
"Orge, lentilles vertes, riz rouge au naturel",C√©r√©al Bio,7.7
Pois chiches,"Marque Rep√®re,Notre Jardin",5.8
Muesli coustillant,Crownfield,7.7
MARZIPAN DARK CHOCOLATE WITH MARZIPAN,Ritter SPORT,6.45161290322581
Vitalday Crocant Chocolate Integral con copos de avena,Gull√≥n,10.0
Pan Tostado 100% Integral de Trigo,Hacendado,10.2
"Flocons d'avoine, paquet 500g","U, U Bio",11.0
P'tit nature 5 c√©r√©ales,BJORG BIO NUTRI +,10.0
Luscious Berry & Cherry Muesli,Dorset cereals,9.2
biscotti cereali g granola e frolla,Galbusera,8.0
Quorn sausages,Quorn,5.5
High Fibre Bran. Tesco.,Tesco,22.1
Mixed Beans,Lidl,6.9
Black chocolate 72% with almonds,Hacendado,13.0
Thins Rosemary & Sea Salt Flatbreads,Savour Bakes,5.2
Comple,Bimbo,5.8
Fine Dark Cocoa Powder,Dr. Oetker,28.0
crunchy peanut butter,By sainsbury's,7.4
Brioche tress√©e nature alleg√©e en sucres sans additifs 450g,Harrys,7.0
Carlotti Chocolate Negro 60% cacao,Carlotti,7.8
LION BIO C√©r√©ales 400g,"Nestl√©, Lion, Lion bio",7.9
Barres de C√©r√©ales Special K Chocolat au Lait,"Kellogg's, Special K",14.0
Biscuit muesli avoine Gerbl√©,Gerbl√©,7.7
CankaO - poudre chocolat√©e,Canderel,57.0
Haricots rouges,Carrefour,7.9
Mignonnette Noir - Orange,C√¥te d'Or,8.9
Lentilles vertes,Golden Sun,16.4
Fine gaufre,"Karelea, L√©a nature",6.8
Amandino Pur√©e d'amandes grill√©es,Damiano,8.9
Hach√© v√©g√©tal Fa√ßon Bolognaise au soja,C√©r√©al BIO,5.6
Nesquik,"Nestl√©, Nesquik",7.7
Chocolat Villars Noir 85% 100g,Villars,14.0
Galletas 0% az√∫cares a√±adidos,"Sondey,Lidl",7.8
Toblerone Dark Chocolate Bar,"Mondelez, Mondel√®z International, Toblerone",8.9
Pan de molde integral sin corteza,Hacendado,6.9
Chips Nature l‚ÄôOriginale Nutriscore B,Brets,5.2
Paine grau intreg,Velpitar,8.7
Croustillant tout chocolat,"Carrefour BIO,Carrefour",8.4
Crunchy High Protein Muesli Frutos Secos / Frutos de Casca Rija,"Crownfield, Lidl",8.5
Sante gold granola,sante,6.3
Orkney Thick Oatcakes,Stockan's,6.8
Furrows Sea Salted imp,Tyrrell‚Äôs,6.2
"Kelderman Rye Bread, German Style",kelderman German style rye bread,8.2
Gluten Free Cheese Oatcakes,nairn's,7.0
Cocoa,by sainsbury's,27.9
Vegane Pommersche fein,R√ºgenwalder M√ºhle,5.1
Sainsbury tortillas,Sainsbury's,5.6
Chickpea Fusilli,The Foodie Market,10.3
Wasa tartine croustillante sensation aux flocons d'avoine & touche de sel 265g,Wasa,10.0
Pain de mie american sandwich nature sans sucres ajout√©s maxi 825g,Harrys,5.5
,,12.7
Falafels Pois chiches,"Nestl√©, Garden gourmet",8.7
Mandeln Feine Spezialit√§ten,Seeberger,11.2
Pain campagnard aux graines,Sch√§r,8.5
Chips A L'ancienne Sel de Gu√©rande Brets,"Altho, brets",5.5
Grain√©a Muesli p√©pites croustillantes chocolat noir,"Marque Rep√®re, Grain√©a",8.3
Sandwich sabor yogurt,Gull√≥n,7.7
Crackers integrali,misura,14.0
Fiori d'acqua,Mulino Bianco,5.5
Choco Gotas Negro,Hacendado,7.6
HERTA TARTE EN OR P√¢te Bris√©e sans huile de palme 230g,"HERTA, Tarte en or",5.5
Finn Crisp | Multigrain,Finn crisps,18.0
Pure Kornkraft Haferbrot,Grafschafter,11.9
"C√©r√©ales Muesli chocolat & amandes, 400g",U,8.5
Hobnobs Milk Chocolate,McVities,5.2
,Nestl√©,45.3
Pur√© de patatas en copos instant√°neo,Hacendado,7.4
Smooth Peanut Butter,The Foodie Market,5.4
Special K Classic,Kellogg's,6.0
Premium Tropical Muesli,"Crownfield, Simply Somptous",6.2
Fruity Linseed Mix (Semi),Alesto,17.8
Ristorante Pizza Quattro Fromaggi,"Dr. Oetker, Fertigessen",6.9
Organic chickpeas in water,Tesco,6.9
Red Kidney Beans,Four Seasons,7.2
Wholemeal loaf,Tesco,6.4
Dark Chocolate,Waitrose & Partners,12.0
Moroccan Style Falafels,The deli,9.6
Wholemeal seeded farmhouse,Marks and Spencer,8.4
Single Origin - Intense Dark Cacao,Marks & Spencer,15.6
Green Pea Penne,The Foodie Market,5.5
NESQUIK Gout EXTRA CHOCO Poudre Cacaot√©e bo√Æte 600g,"Nestl√©, Nesquik, Nesquik extra choco",10.6
Quinoa poulet et s√©same,"Jardin bio, L√©a Nature",6.5
Flocons d'avoine,Auchan,10.0
Pain de mie au c√©r√©ales et aux graines,Jacquet,5.4
Haricots rouges Tr√®s peu de jus 1/2,Bonduelle,8.0
Torsades au bl√© complet,"Marque Rep√®re, Turini",7.5
Haricots rouges 1/2,"Marque Rep√®re, Notre Jardin",6.6
Beurre de cacahu√®te crunchy,Rapunzel,6.5
Cacahu√®tes non sal√©es,"Marque Rep√®re, Tokapi",7.1
All-bran choco,Kellogg's,10.0
Noir amandes entieres,Carrefour,7.0
Chocapic,"Nestl√©, Chocapic",7.5
Harrys pain de mie 100% mie complet sans croute sans sucres ajout√©s,Harrys,7.4
Free Schoko,"Corny,Schwartau",5.3
Cocktail Mezcla,Hacendado,7.9
Cereales con achicoria,Hacendado,9.2
Flocons d'avoine - Grain√©a,"Marque Rep√®re, Grain√©a",10.0
Roggen Vollkorn-Kn√§ckebr,Tastino,16.0
Digestive Avena,"Lidl,Sondey",6.8
Chicor√©e-caf√© soluble,"Carrefour, Simpl",40.0
Beurre de cacahu√®tes Bio,Go Nuts,8.6
Crunchy Peanut Butter,The Foodie Market,5.4
Benco,Benco,13.0
Red Fruit Benefit,Harvest Morn,6.2
Wholemeal tortilla wraps,Tesco,9.4
Wholemeal Spelt Flour,Doves Farm,11.0
Black's Organic Cooking Dark Chocolate Bar,Green & Black's,10.0
Hobnobs,McVitie's,6.5
Granola Triple Nut,Jordan‚Äôs,18.0
Multigrain Hoops,Sainsbury's,9.4
Sunflower and Pumpkin Soft Farmhouse,Sainsburys Taste the Difference,9.0
Salt & Vinegar (crunch),Graze,12.0
Special flakes nature,"Crownfield, Lidl",7.5
Happy Hippy 74% Cocoa Organic Orange & Geranium Dark Chocolate,Montezuma's,10.0
Choco Leibniz - Dark,Bahlsen,5.2
Grain√©a,Marque Rep√®re,5.5
Scottish Porridge Oats,Crownfield,6.7
Lustucru quinoa facile,Lustucru,9.0
Pain 100% mie complet,Harrys,7.1
P√¢te √† tartiner Curly cacahu√®te,"Curly, Intersnack, Vico",9.5
Nesquick,Nestl√©,7.7
Envitas miel & p√©pites de chocolat,Sondey,5.5
Krounchy chocolat,Grillon d'or,7.2
Biscottes √† la farine compl√®te,Borsa,11.0
Pad Thai,C√©r√©al BIO,5.1
Savane tout choco,Brossard,5.9
ORIGINAL au seigle,wasa,19.0
Pain Campagnard aux graines,Sch√§r,8.5
Cacahuete frito con sal,Hacendado,8.2
DARK CHOCOLATE NUTS & SEA SALT,KIND,5.2
Panecillos 100% Integral de Trigo,Hacendado,10.3
Semillas de Lino (molidas en fr√≠o),Linwoods,20.0
Gran saraceno,galbusera,6.0
Sabroz arroz integral,Brillante,9.13
Pain multic√©r√©ales 500g,U,7.1
Beau & bon seigle,Harry's,6.5
organic fruits & seeds muesli,alara,10.0
Crunchy Peanut Butter,Tesco,7.1
Plain White Flour Free From Gluten,Doves Farm,6.2
Sea Salt flavour pea and bean sticks,Off The Eaten Path,9.3
THE ORIGINAL grape-nuts CEREAL,Post,7.0
Nacho Cheese,"Doritos, Multibev, PepsoCo",5.5
Penne Rigate Integral,Hacendado,10.0
,Quorn,7.5
Granola,Sainsbury's,6.3
Date Syrup,Date Crown,5.1
Smooth,Green & Black's,6.7
,Crownfield,6.4
,Kellogg's,6.0
Dominican dark chocolate,Sainsbury's,11.4
Whole Chestnuts,Merchant Gourmet,5.3
Beurre De Cacahu√®tes 100% Naturel,ARIZONA,6.8
Pecan Nuts,Alesto,10.0
Biscottes Bl√© complet,Carrefour,12.0
100G COTE D'OR NOIR ORIGINAL,"C√¥te d'Or, Fraft Foods",7.3
"VEGEtal FALAFELS POIS CHICHE, CORIANDRE",Carrefour,5.5
Houmous extra citron confit & coriandre,L'atelier Blini,7.0
Persillade proven√ßale,Kania,20.5
Pois wasabi,Tanoshi,14.0
Crackers bio emmental et graines de courge paquet de 200g,"U, U Bio",11.0
Beurre de cacahu√®te Crunchy,Rapunzel,6.5
Vegane M√ºhlen Schnitzel,R√ºgenwalder M√ºhle,6.4
Galletas Maria Sin Gluten,Hacendado,5.5
Noir extra 99%,Equador,18.0
Weetabix,Nestl√©,10.0
Beurre de cacahu√®te Creamy,Jardin biologique,6.8
Country crisp miel & noix,Jordans,5.5
Ginger Crystallized In Dark Chocolate,Chocolove,10.0
Vegetarian 1/4lb Burgers,Linda McCartney,7.3
Curry tha√Ø,C√©r√©al BIO,6.4
Nutty Muesli,By Sainsbury's,7.7
Three Bean Salad in Water,Tesco,7.1
Orkney Thin Oatcakes,,6.0
Haferflocken,ja!,9.7
Jutos orange jaouda,,10.0
Rich cocoa smooth peanut butter,Manilife,5.2
Caramel Almond & Sea salt bar,Kind,5.1
Chicken Tikka Masala & Pilau Rice,Charlie Bigham's,5.8
Tesco Plant Chef 4 Spicy Bean Burgers,Tesco,6.4
Fruit Oat Biscuit Breaks,Nairn's,6.0
Cashew & Almond Gluten-Free Granola,Bio & Me,15.0
One Pot Meal Spanish Butter Bean Stew,BOL,26.6
Apple & Cinnamon Gut-Loving Porridge,Bio & Me,10.0
Muesli Crunchy Chocolat Noir Noisettes Grill√©es,Lidl,8.0
Mix de fruits sec,,8.9
Lightly Salted Tortilla Chips,Everyday Essentials,7.4
Marmite & Cheese Oatcaƒ∑es,Nairn's,7.8
"RICORE Noir Intense, Caf√© & Chicor√©e, Bo√Æte 240g","Nestl√©, Ricore",48.7
Pois chiches Sultanines 265g,"Compagnie G√©n√©rale De Conserve, Sultanines",6.3
Tartines craquantes froment,"Marque Rep√®re, √âpi d'Or",5.9
Falafels pois chiches √©pinards menthe,C√©r√©al Bio,6.4
Lentilles vertes,"Jardin bio, L√©a Nature",5.6
Chocolat noir dessert,"Intermarch√©, Ivoria",7.5
Knorr Secret d'Ar√¥mes Assaisonnement en Poudre Plein Sud UEFA EURO 2024 Tube 145g,"Knorr, Secret d'Ar√¥mes",5.8
Levure de bi√®re & s√©l√©nium,Gayelord Hauser,25.0
Grissini artigianali,ITAL PASSION,6.6
Crunchy Chocolat noir intense,"Carrefour, Carrefour Sensation",9.0
Chicor√©e Nature,Leroux,31.2
–ú—é—Å–ª–∏ —Å –ª–µ—à–Ω–∏—Ü–∏,Crownfield,11.6
C√©r√©ales Muesli croustillant fruits rouges sachet 350g,"U, U Bio",7.9
Chocolate negro 72%,Hacendado,11.0
Bio country crisp,Jordans,6.0
Pan de molde cereales sin gluten,Hacendado,11.1
Twiglets Original,Jacobs,11.3
Vitamin coconut bar,Sante,6.8
Roasted & Salted Peanuts,"Stockwell & Co, Tesco",5.8
Choco Pops Cereals,Kellogg's,6.0
Medium Wholemeal Super Soft Loaf,Marks & Spencer,6.2
Asda extra special Wholemeal & bread,Asda,7.8
Oranges Cl√©mentines Citrons sans sucres ajout√©s,"Georgelin,Lucien Georgelin",18.1
Morrocan Falaffels,Cauldron,6.0
Low Sugar Maple & Pecan Granola imp,Lizi's,9.2
Mixed Bean Salad,Sainsburys,5.1
Sun-Dried Tomato Antipasto,Sainsbury,6.2
Oats & Plenty Super Seedy & Nutty Porridge,Bio&Me,10.1
Fast Action Dried Yeast 8 Sachets,Sainsbury's,21.1
Grano high fibre seeded,Marks & Spencer,9.0
superfood organic Hot Chocolate,Naturya,12.0
Weetabix Avena Suave Oatibix,Weetabix,9.0
Chocolat noir aux √©clats d'amandes,Alter Eco,9.1
Tablette d√©gustation chocolat noir 70% - 100g,"Les Cr√©ations, Producteur & Commer√ßant",9.0
Sel et Poivre,Too Good,9.3
Knorr Soupe D√©shydrat√©e Douceur de 9 L√©gumes 3 Portions,"Douceur‚ìá, Knorr¬Æ",7.0
Amandes grill√©es sans sel,Ma√Ætre Prunille,9.1
P'tit d√©j bio c√©r√©ales et chocolat,Le Moulin du Pivert,6.5
Pipa Calabaza Natural,Hacendado,5.5
Granola au chocolat et framboises,One Day More,10.2
Wasa delicate thin crackers sea salt 180g we,Wasa,5.4
Fibrextra,Misura,12.0
Butterkeks Mit Vollmilch Schokolade,"Lidl,Sondey,Inter Biscuits",5.2
Muesli,Leclerc,7.5
Goody Cao,Bellarom,7.5
Biscotte,"Bio Village, Marque Rep√®re",6.2
Cacahuete tostado 0% sal a√±adida,Hacendado,8.2
Nature Valley CRUNCHY,Nature Valley,7.0
Schoko M√ºsli,"Crownfield,Lidl,Br√ºggen",8.2
Le Fresche Biscottate Integrali,GrissinBon,9.0
Cuor di Cereale,gullon,6.0
Cadbury hot chocolate,Cadbury,9.3
Biscottes √† la farine compl√®te sans sucres ajout√©s,Auchan,7.0
Organic Peruvian 85% Cocoa Dark Chocolate,Moser Roth,13.0
Seed mix (Semi),"The Foodie Market, Aldi",8.7
Avoine & miel,Nature Valley,8.2
Pumpkin seeds,"Lidl, Alesto",5.3
Oaty & Crispy Avoine & Cacao x 5 barres de 23 g,Nature Valley,9.1
Sunflower and spelt loaf,M&S,9.7
Tortilla / Tortilha,Tastino,9.8
Muesli bio croustillant 3 chocolats,Charles Vignon,8.1
Biscottes compl√®tes x36,Chabrior,10.0
Biscottes compl√®tes x36 - BIO,"Chabrior, Faissole, Intermarch√©",9.2
Orge & pruneaux a la marocaine,C√©r√©al Bio,5.1
Ma levure boulang√®re,Francine,22.0
Beurre de cacahu√®tes Bio,GO NUTS,8.6
Crousti Chocolat,Gerlinea,7.1
Chips de l√©gumes,"Bouton D'Or, Les creations",14.9
Curly Cacahu√®te L'Original,"Curly, Intersnack, Vico",5.5
P√¢te √† tartiner choco noisette,Jardin bio,14.0
,Terres & C√©r√©ales Bio,10.0
"Erdnussmus, fein","Alnatura, Alnatura GmbH",7.1
Volkoren cracker,Wasa,20.0
D√©li Matin all√©g√© de 30% en sucres aux p√©pites de chocolat,"Marque Rep√®re, P'tit D√©li",5.1
Cioccograno mb 330g,"Barilla,Mulino Bianco",6.6
D√©li Matin Multi-C√©r√©ales,"Marque Rep√®re,P'tit D√©li",6.0
Chocolat noir F√®ves de cacao,Ethiquable,15.0
Cookies de Cacao con Chips de Chocolate sin Gluten,Gull√≥n,7.3
Tortiglioni- P√¢tes alimentaires de semoule et de bl√© dur 500G,Barilla,8.0
Puffasztott Barna Rizs,Rice up!,6.9
Crunchy muesli,"Crownfield, Master crumble",6.9
Biscuits petit d√©jeuner,"WW, Weight Watchers",9.3
"Houmous √† la libanaise, thym et s√©same dor√©",L'Atelier Blini,7.3
Cereali G - granola e frolla,Galbusera,7.5
Gpav cracker salato pav 560 gr,Gran Pavesi,5.2
Kidney Bohnen,"Freshona,Kidneybohnen",6.0
Heritage Flakes Cereal,Nature‚Äôs Path,7.0
Wholemeal,Kingsmill,6.2
INTEGRAL 64%,The Rustik Bakery,39.0
Apple & Cinnamon Granola,Bio & Me,8.8
Honey & Almond Granola,Tesco,6.5
,Eliges,22.0
Sun-dried tomato,Tesco,7.9
Baked Beans (Reduced Sugar & Salt),Sainsburys,11.9
Chocolat Noir IRRESISTIBLE 70%,Co Op,9.9
Veganer Hauchgenuss Klassisch - Typ H√§hnchen,R√ºgenwalder M√ºhle,6.4
chocolate orange dipped almonds,Deliciously Ella,12.0
Seeded multigrain bloomer,,7.7
C√©r√©ales Muesli croustillant aux 4 noix paquet de 500g,U,6.5
Biscottes germe de bl√© x 34,"Bio Village, Marque Rep√®re",5.3
Vegane M√ºhlen Salami Klassisch,R√ºgenwalder M√ºhle,7.0
Chocolat dessert p√¢tissier,"Marque Rep√®re, Tablette d'Or",8.0
Pur√©e d'Amande Compl√®te Tunisie,Ethiquable,7.9
Musli bar apple,Crownfield,5.8
bio vollkorn penne,Lidl,7.0
Tartines craquantes avoine,"Jardin bio, L√©a Nature",5.8
C≈ìur mie complet 500g,"Chabrior, intermarch√©",6.1
"NESCAF√â NES, Caf√© Soluble,",Nescaf√©,34.1
Biscuits Croquants Avoine Chocolat,Evernat,7.6
Sabl√©s authentiques √âpeautre,Bisson,5.8
Flageolets verts extra fins,"Marque Rep√®re, Notre Jardin",6.5
Mar√≠a sin gluten,Gull√≥n,7.4
Chocolat P√¢tissier Noir CORSE 70% CACAO,"Carrefour BIO, Carrefour",9.4
Choco Shells,Crownfield,8.3
"DolcesenzaFrumento, Avena e Riso",Misura,6.5
Peanut Butter Smooth,GO ON,7.6
Almonds,Alesto Lidl,12.1000003814697
Muesli au chocolat,Terres et C√©r√©ales,9.3
Muesli croustillant tout chocolat,Marque Rep√®re,8.7
Peanut Butter,Lidl,6.5
Tablette de chocolat 100% cacao vari√©t√©s native P√©rou,Ethiquable,22.0
Fruit and nut muesli,Waitrose,8.6
Butter Beans in Water,Napolina,6.8
Soft Pitted Apricots,Alesto,7.1
M√©lange de fruits et de noix,Natural Happiness,8.0
6 Seed & Cereal Original Pitta,The Food Doctor,7.0
M√ºesli crunchy,"Crownfield, Lidl",6.4
Sweet and salty nut,Nature Valley,11.0
Strawberry Granola,Sainsbury‚Äôs,6.5
Barritas 100% Frutas,Hacendado,11.0
Flocons d‚Äôavoine,,9.1
Wholegrain Malties,Sainsbury's,10.9
flipo,henrry's,6.3
NESQUIK Moins de Sucres Poudre Cacaot√©e,"Nestl√©, Nesquik",29.6
NESTLE CHOKELLA C√©r√©ales 350g‚Äã,"Nestl√©, Chokella",5.4
Pain grill√© au bl√© complet,"Bio Village, Marque Rep√®re",7.2
Petits sabl√©s Beaufort,Michel et Augustin,8.0
Ma Salade de Lentilles √† la Lyonnaise,Pierre Martinet,5.4
P'tits pains fa√ßon bretzel,Brioche Pasquier,5.7
Noir pralin√©,C√¥te d'Or,6.3
BEAN SALT SNACK,Zweifel vaya,6.6
Avoine S√©same,Bjorg,8.0
Tomates s√©ch√©es,Florelli,6.9
Pois chiches - Bo√Æte 265g,U,5.5
Cacahu√®tes grill√©es sans sel ajout√©,Bouton d'or,7.0
Vegan Engevita Nutritional Yeast Flakes,Marigold,20.0
Alpen Salz,Bad Reichenhaller,17.0
Tortilla Pops Finement Sal√©,N.A ! NATURE ADDICTS,6.0
,Alesto,8.9
Vitalday Crocant Original,Gull√≥n,6.0
Fette biscottate integrali 630 gr,Mulino Bianco,12.0
D√°tiles desecados sin hueso,Hacendado,7.5
Amandes grill√©es,Daco Bello,13.0
Fussili,Combino,12.0
Super Nutty Granola,Deluxe,5.8
Muesli de superfrutas sin az√∫cares a√±adidos,"Carrefour BIO, Carrefour",9.6
Nestle Nesquik Cereal 375g,Nestl√©,9.3
Tablette Noir noisettes et amandes pil√©es,"KROKOLA, Merveilles du Monde",9.6
Protein bread,TASTINO,15.3
Special K Granola mixed berries,Kellogg's,10.0
Organic Protein,Orgain,15.6862745098039
Roasted Mixed Nuts - Salted,Tesco,8.0
Organic Quinoa & Brown Rice with Garlic,Seeds of Change,8.0
Spicy Red Kidney Beans,Aldi,5.4
Serrano cholli & yucatan honey,Manomasa,7.8
Flocons d'avoine complete,Carrefour,11.0
seeded Bread,wildfarmed,6.4
Brossard - brownie familial pepites de chocolat 285gr,Brossard,6.2
Chocapic üç´ strong In Chocolat√© üç´,"Nestl√©, Chocapic",5.3
Chocolat noir d√©gustation 85% de cacao Tablette de 100g,U,15.0
4 Baguettes viennoises compl√®tes sans sucres ajout√©s 340g,La Boulang√®re,6.4
Pain de mie complet,AGIDRA,6.5
Snack popp√© saveur paprika,TooGood,8.2
Houmous - IDS -180g,Itin√©raire des Saveurs,6.2
Muesli crunchy,Muesli Crunchy,6.5
Tablette BIO d√©gustation - Chocolat noir P√©rou 85% - 100g,Ivoria,13.0
Nesquik,"Nestl√©, Nesquik",7.7
Ar√°ndanos deshidratados,Hacendado,6.6
Haricots Blancs pr√©par√©s 1/2,Cassegrain,5.7
Palomitas pipocas microondas Sal,Hacendado,8.7
Pain de table c√©r√©ales,"Auchan, Auchan Gourmet",7.1
"Nuts, Granola & Seeds","Kellogg's, Special K",8.3
,"Knorr, Unilever",5.2
NESTLE NESQUIK Cerealien,"Nestl√©, Nestle nesquik",9.3
"NESTLE LION C√©r√©ales 1,05 kg","Nestl√©, Lion",7.0
Muesli Crunchy chocolat noir et noisettes grill√©es,"Crownfield, Lidl",6.9
Linsen Chips Paprika Style,funny-frisch,5.4
Muesli Croustillant Chocolat Proteines,TERRES & C√âR√âALES BIO,9.8
Sante Granola Raspberry and Strawberry,Sante,7.273
Veganer Schinken Spicker Bunte Paprika,R√ºgenwalder M√ºhle,6.8
Tartines craquantes au bl√© complet 250g,U,8.5
,Chira,7.3
Sante Baton Proteinowy Go On Kakaowy,Go On,9.4
Oat so simple - golden syrup flavor,Quaker,7.3
gullon Hearts of Cereal Breakfast,Gull√≥n,9.0
Peanut Butter,Meridian,8.5
Wheat Biscuits,Morrisons,10.0
Soft Dried Figs,Alesto,44.3
High Protein Choco Crunch,Marks & Spencer,18.8
100% PEANUT BUTTER,Nuts About Nature,9.3
Special K dark chocolate,Special K,6.0
Vegan Beetroot Burgers,Vemondo,6.6
"Chocolat noir, √âclats d'amandes grill√©es & pointe de sel","Fairglobe, Way to go!, Lidl",8.4
Swiss Chocolate Extra Fine Dark,Marks & Spencer,11.2
NESTLE FITNESS Honey Flavour Fiber Cerealien,Nestl√©,17.8
beurre de cacahu√®te,peripella,11.0
super berry granola,deluxe,7.2
Crunchy Mint dark chocolate,Hu,11.0
Moelleux Multi C√©r√©ales,"BelVita, LU",7.4
Muesli chocolat noir et graines de lin,"Jardin Bio √©tic, Jardin bio, L√©a Nature",11.0
C√©r√©ales c≈ìur fondant,"Carrefour BIO,Carrefour",7.2
Gerbl√© Myrtille sans sucres ajout√©s 320g,Gerbl√©,13.0
,"Marque Rep√®re, Bon Choco, Equador",25.0
"Gerbl√© - No Sugar Added Apricot Jam, 320g (11.3oz)",Gerbl√©,12.0
Doritos Go√ªt nature maxi format,Doritos,6.3
P√¢te arachide,Dakatine,8.4
Muesli croustillant fruits rouges,Terres et C√©r√©ales,8.9
Chocolat,J FAVRICHON,7.5
100% Cereales Integrales al Toque de Sal Marina,"Sunbites,PepsiCo",7.7
Cacao en poudre Sensations Pures,Ivoria,26.0
Chocolat noir caramel pointe de sel,Ethiquable,7.7
Lenteja Pardina,Hacendado,9.6
Choco Break Go√ªt chocolat,Carrefour,6.8
Barre aux 4 c√©r√©ales et figue,"Marque Rep√®re, Grain√©a",6.9
Vollkorn Kn√§ckebrot,"Grafschafter, Tastino",14.9
Les Fourr√©es  -  Beurre de Cacahu√®te & Cacao,Funkie,6.0
Sabl√©s Parmigiano Reggiano,Michel & Augustin,6.5
–û—Ä–µ—Ö–∏ –º–∞–∫–∞–¥–∞–º–∏—è,Alesto,6.7
"Brossard - Savane Mini Dark Chocolate Marble Cakes, 210g (7.5oz)",Brossard,5.8
Peanut Butter Crunchy,"Go On,Sante",7.6
Fiocchi d'avena integrale,Coop,10.0
Super Berry Granola,Deluxe,6.5
Muesli croustillant chocolat,Terres & C√©r√©ales Bio,7.8
Milled chia seeds,Lidl,33.0
Peanut butter Crunchy,Meridian,8.1
Biscuits √† l'avoine compl√®te nature bio 130g,"U, U Bio",7.6
Pistachios,Alesto,7.0
Erdn√ºsse ger√∂stet & ungesalzen,√ºltje,8.3
Oat flakes rolled,Crownfield,8.5
Americano Intense Instant Coffee with Ground Beans,Nescaf√© Azera,34.3
Wholemeal wraps,The Bakery at Asda,6.9
Black beans in water,Freshona,7.7
BelVita Chocolate Chips 30% less,"Belvita,Mondelƒìz",7.3
Growers Harvest Microwave Wholegrain Rice,Tesco,5.9
Red Kidney Beans,Aldi,9.0
Chickpeas in water,"Essential Waitrose,Waitrose",6.0
Prosciutto cotto mozzarella fresh tortelloni,Rana,7.0
Apple & Berry No Added Sugar Granola,Jordans,9.8
Creamy Chocolate and hazelnut butter,plants,9.9
Tobigo,,64.0
Sweet chilli pepper,Doritos,5.5
Organic hot chocolate,Green and blacks,11.0
Organix carrot cake oats bars,Organix,12.0
M√©lange de fruits secs,Trader Joe's,7.3
Dragon Sweet Chili,"Takis, Bimbo",8.5
Muesli Bio Croustillant Amande Vanille,Charles Vignon,5.7
Barres de C√©r√©ales Extra Kellogg's Miel - 4x32g,"Kellogg's, Extra",6.7
Stylesse Nature,Carrefour,5.3
Flocons d'Avoine,"Bio Village,Marque Rep√®re",10.0
Pain de mie sandwich complet 825g,U,6.9
Caf√© au Lait,NESCAF√â Dolce Gusto,8.2
Graines de chia,Happy Bio,35.0
Cacahu√®tes grill√©es √† sec,"B√©nenuts, PepsiCo",8.0
R√©publique Dominicaine 80%,Alter Eco,11.0
Banania Original,Banania,6.7
Tortilla chips chili,"General Mills, Old El Paso",6.5
Cacahuete tostado 0% sal a√±adida,Hacendado,10.8
biscottes √† la farine d\'√©pautre,le moulin du pivert,5.5
Muesli CRISP 5 Fruits 500g,Chabrior,7.4
Tartines croustillantes au Seigle,"Carrefour BIO,Carrefour",15.0
Chocolat noir Quinoa,Ethiquable,8.3
Moutarde √† l'ancienne,Carrefour,5.6
Sift Figs,"Alesto, LIDL",6.9
Pain complet au seigle bio,"Bio Village, Marque Rep√®re",9.9
"B√©n√©nuts Plaisir brut M√©lange de noix amandes, noix, cajous, noisettes","BENENUTS, Plaisir brut",8.6
,"Nakd, nƒÅkd",9.3
Noix de coco r√¢p√©e Belbake,"August T√∂pfer &amp; Co., Belbake",20.5
Mikrowellen Popcorn salzig,McEnnedy,10.8
Tartine croustillantes,Lidl,14.0
Pois chiches HVE Bien cultiv√©s d'aucy 250g,D'aucy,5.5
Almond Butter,Kirkland Signature,7.0
Belle Buone,Galbusera,6.0
Buoni cosi,Galbusera,9.0
Cannellini Beans in Water,Four Seasons,8.8
Fibra sticks,Hacendado,33.0
Protein Granola Apricot & Cranberry,Harvest Morn,6.0
Crunchy Oat Granola Tropical Fruits,Jordans,6.2
Butter beans,Aldi,5.4
Reduced fat homous,Meadow Fresh,5.6
Wholewheat Spaghetti,Baresa,5.9
Yaourt brass√© vanille,Danone,86.7
Bombay mix,Cofresh,8.0
Multigrain Loaf,Promise Gluten Free,12.9
Dry Roasted Peanuts,Alesto,6.9
Crunchy peanut butter,Grandessa,7.4
Babicao,Nestl√©,6.1
Nutty Granola,By sainsbury's,8.4
Multigrain hoops,Marks & Spencer,8.5
Soluble al CACAO,Dulcinea,6.5
Ayour ail semoule,,9.0
Granola super nutty,"Lidl, crownfield",7.0
Cioccoavena,mulino bianco,5.3
Biscotti Al Cioccolato,Gull√≥n,5.3
Peruvian Dark Milk Chocolate,Sainsbury's,5.8
Hach√© V√©g√©tal et Gourmand,HappyVore,5.3
Red Split Lentils,Taste Of,6.3
SEA SALT AND PEPPER PROTEIN NUT CRUNCH,Graze,11.0
chips saveur barbecue,Lay's,5.3
Croustillant Nature,"Carrefour BIO, Carrefour",8.1
Choco Shells,"Crownfield,Lidl,Nordgetreide",8.3
Quinoa au naturel,Cereal Bio,6.0
Petits Pois 1/2,Cassegrain,5.3
Knorr Soupe D√©shydrat√©e Pass√©e aux 9 L√©gumes 4 Portions,Knorr,10.0
Pain complet de seigle aux graines de tournesol,C√©r√©al BIO,11.0
Chocolat D√©gustation 70% cacao,"DIPA, Moser Roth",11.0
salade THON OEUF CRUDITES,daunat,9.3
Bretzels d‚Äôalsace,ancel,5.9
Petits pains grill√©s sans sucres ajout√©s,"Chabrior,S√©lection Intermarch√©",7.6
Noix de cajou grill√©es,Carrefour,5.2
Torsades compl√®tes,"Bio Village, Marque Rep√®re",6.8
Chocolat noir 80% - √âquateur,Kaoka,14.2
"Crackers Aux graines de courge, lin et s√©same",Carrefour,12.0
√âclats de f√®ves de cacao noir,"Carrefour,Selection Carrefour",8.4
Moutarde √† l'ancienne,Winarom,5.6
Repas √âquilibr√© barre saveur Pomme Framboise,Gerlin√©a,10.0
"RICORE Original, Caf√© & Chicor√©e, Recharge de 260g","Nestl√©, Ricore",45.3
"S√º√ües, Schokolade Edelbitter 85%","Aldi, ALDI MOSER ROTH, Moser Roth",14.0
Horno Al punto de sal,Lay's,6.2
Amandes enti√®res d√©cortiqu√©es,Sun,11.0
Fette croccanti con sesamo,tastino,16.0
Chips Pom'Lisse,"Marque Rep√®re, Pom'Lisse",5.2
Galettes de lentilles vertes courgette menthe,Hari&Co,6.2
Primizie,"Barilla, Mulino Bianco",5.3
Pain tranch√© au seigle,"Auchan, Auchan Gourmet",6.0
Mango deshidratado,Hacendado,7.6
granola,"Marque Rep√®re, Grain√©a",8.9
Crunchy Avena y Miel,Nature Valley,6.4
"Bagels Semillas 8,8%",Bimbo,5.1
Harrys pain de mie extra moelleux complet sans sucres ajout√©s 500g,"Harrys, Harry‚Äôs",6.0
Naturel Chips,Lay's,5.2
"Grain√©a Abricot barres aux 5 c√©r√©ales Ma√Æs,Bl√©, Seigle, Riz  x 6 barres",GRAIN√âA,7.0
Sandwich de avellana con avena y chips de chocolate Vitalday,Gull√≥n,9.0
Muesli fruits,"Carrefour BIO, Carrefour",9.9
Tartines grill√©es craquantes au froment 250g,U,6.2
Baton protein waniliowy,Go On,9.1
Apricot Wheats,Kellogg's,7.9
Whole Nut Smooth Peanut Butter,Lidl,6.5
Roasted & Salted Cashews,Stockwell & Co.,5.4
Malted Wheats,"Essential Waitrose,Waitrose",10.9
85% Cacao NOIR,Carrefour,13.0
Special K,Kellogg's,6.0
Smooth Almond Butter,Pip & Nut,10.9
Lightly Salted Tortilla Chips,CO OP,5.3
Jamaican-style grains & pulses,Merchant Gourmet,5.9
Muesli Berries & Cherries,Simply Sumptuous,6.3
Amandes non grill√©es,Vico,8.3
chilli packet,schwartz,10.4
Multi-Grain Crackers 6-Seed,Crunchmaster,6.6667
Pur cacao non sucr√©,Ethiquable,46.0
Flakes fruits rouges,"Crownfield, Lidl",8.0
bran flakes harvest morn,Aldi,14.5
Extra Special Mixed Seed Sourdough,Asda Extra Special,8.5
NESTLE FITNESS Cocoa Protein Bar Multipack (,"Nestl√©, Nestle fitness no added sugar protein cocoa, Nestle",26.4
Pasas sultanas,Alesto,5.2
Pitted Dates,Aldi,7.5
Dark milk chocolate with blood orange,Marks & Spencer,6.1
Belvita Petit-D√©jeuner Original,"BelVita, LU",6.8
Grilletine C√©r√©ales et Graines x18,Brioche Pasquier,7.8
MUESLI & Co 7 FRUITS SECS,Carrefour,8.2
Framboise Sans sucres ajout√©s,Gerbl√©,15.0
Original Nature,"Nestl√©, Fitness",7.6
C√©r√©ales Muesli croustillant aux fruits rouges doypack de 500g,U,8.9
Quaker Cruesli Chocolat au lait maxi format,"Cruesli, PepsiCo, QUAKER",8.7
Biscuit Cacaot√© Fourr√© Saveur Vanille,Gerbl√©,7.0
Boulghour de bl√© √† la Tunisienne au Raz-El-Hanout,C√©r√©al Bio,6.5
Noir quinoa souffl√©,Alter Eco,8.9
Pruneaux d'AGEN d√©noyaut√©s,Ma√Øtre PRUNILLE,7.9
Crackers 3 graines - BIO,"Chabrior, Regain",12.075
Caro Landkaffee,Nestl√©,8.0
Fr√ºchte Hafer-M√ºsli,K√∂lln,7.8
Tempeh √† cuisiner,Soy,8.1
Krisprolls complets,P√•gen,8.3
Galettes de ma√Øs bio,"Regain, Regain bio",6.4
Copos de trigo integral y arroz con chocolate con leche,Hacendado,5.1
Dahl,C√©r√©al Bio,5.7
Bastoncini salati,Snack day,5.5
VEGEMITE B VITAMINS FOR VITALITY,VEGEMITE,8.4
Lays Oven Baked roasted paprika,Lay's,6.4
Belvita Muesli,"Belvita,Mondelez",50.0
Micro Popcorn sare,Chio,12.0
NESTLE FITNESS Chocolat Noir C√©r√©ales 450g,"Nestl√©, Fitness",10.2
Beurre de cacahu√®tes Crunchy,"Trader Joe's, Aldi",9.8
Maxi Tranches Complet,"CARREFOUR CLASSIC', Carrefour",6.5
,"Chiquilin,Artiach",5.5
Bio organic,Gullon,6.8
Chocolat noir 70% cacao,Lidl,11.8
,Vemondo,6.4
Fruit & Seed Oatcakes on the go,Nairn's,9.2
6 Veggie Sausages,"Chef Select, Lidl",6.9
Alesto Super Linseed Mix,Alesto,15.8
Petit dej‚Äô - P√©pites de chocolat & miel,Gerbl√©,6.3
Barres au son d'avoine,Monoprix,7.0
Mango,Tesco,7.4
Rose Harissa paste,Belazu,7.3
Roasted Pistachios,"The Foodie Market, Aldi, Aldi The Foodie Market",9.5
protein bar caramel,"NƒÅkd, Nakd",16.0
Houmous,Morrisons,5.5
Barres Granola au sirop d'√©rable,Crownfield,6.4
Costa,Costa,11.0
C√©r√©ales oh my crips fruit,JORDANS,18.0
Greek Style Flame Baked Flatbreads,Village Bakery,5.3
Strawberry & Almond Low Sugar Granola,Deliciously Ella,7.4
Super Berry Oat Bars,Bio & Me,16.0
Crunchy 100% Peanut Butter,Grandessa,5.4
Sliced seedy multigrain bread,,5.35714285714286
6111250477161,,10.2
Tartines de pain - bl√© complet - Bio,Pasquier,9.0
Poudre cacaot√©e 32 % de cacao maigre,"Carrefour BIO, Carrefour",9.6
Petits Pois 1/4,Cassegrain,5.3
Muesli croustillant - duo de chocolats,Joseph Favrichon,8.2
Peanut butter,"Myprotein, My Protein",7.9
,Hacendado,5.5
Fines galettes √©pinards & pignons,C√©r√©al Bio,5.6
"Cuisin√© Lentilles, Millet & Petits l√©gumes",C√©r√©al Bio,16.25
Flageolets pr√©par√©s 1/4,Cassegrain,6.2
Pur√© de patatas,Carrefour,8.4
Canneberges sucr√©es s√©ch√©es,Alesto,5.5
Pain grill√© au bl√© complet 250g,"U, U Bio",7.6
Tortilla Nachips,OLD EL PASO,6.0
Chocolat noir Gingembre confit,ethiquable,7.3
P√¢te a tartiner -30% de sucres,Poulain,17.0
Harry Dinkel Sandwich 4071800047812 Dinkelsandwichbrot,Harry,5.1
Crousti Moelleux Complet Sans Sucre Ajout√© 730gr,Jacquet,6.7
Hummus con olivas de Kalamata,Hacendado,8.8
Fitness Original,Nestl√©,10.7
P√©tales au chocolat Bl√© complet,"Carrefour BIO, Carrefour",7.6
Misura dolcesenza mais riso farro,Misura,5.26315789473684
Plaisir du Primeur -  Girasoli c√®pes,Rana,5.5
Brioche P√©pites de Chocolat,PITCH,5.2
Fibra,Carrefour,8.9
Muesli 6 frutas,"Carrefour BIO, Carrefour",6.2
Protein Bar - Muscle Mass - Caramel Cookie Flavor,Bodymass,8.1
Crackers cereali antichi,Misura,6.7
Casta√±as cocidas y peladas,Hacendado,6.9
Vegan Chicken Free Slices,Quorn,6.2
Petits pains grill√©s √† l'√©peautre,"Carrefour BIO,Carrefour",7.6
Lays paprika,Lay's,5.2
High Protein M√ºsli,"Crownfield, Lidl",11.6
Vegane M√ºhlen Frikadellen,R√ºgenwalder M√ºhle,6.5
Organic Black Beans in water,"Sainsbury's, Sainsbury's SO Organic",10.0
Choc pot,Sweet Freedom,7.8
Chocolate negro 72% con trozos de naranja,Hacendado,10.0
Bamboo crunchy chocolate,Bamboo,8.0
Gluten Free Wholegrain crackers,Nairn's,7.5
Fruit rolls,"Bear, Bear Nibbles",10.0
Breakfast avocado,holy moly,6.4
Banania Moins de sucres,Banania,17.0
Urban Fruit Snack Pack Strawberry,smashing strawberry,6.1
Rye Sourdough Crackers,M&S,10.2
Smooth Peanut Butter,Sun-Pat,6.0
Moroccan Style Burgers,Lidl,7.0
Tacos  wafer,biscarose,14.0
Gluten Free Oaties Syrupy & Crumbly,Nairn's,6.8
Chicken tikka,The Gym Kitchen,12.6
Beurre de cacahu√®tes smoothie,MANDY,9.1
Protein Chocolat & Cranberries,Nature Valley,12.5
itsu crispy seaweed thins sea salt,itsu,24.0
Chips de lentilles saveur sel & poivre,Vico,7.6
,Hacendado,14.0
BJORG Pain grill√© au bl√© complet,Bjorg,7.6
Weetabix,Weetabix,10.0
Muesli croustillant 7 fruits,Terres et C√©r√©ales Bio,6.7
Country Crisp Chocolat Noir,Jordans,6.0
Muesli Croustillant nature sans gluten,Favrichon,7.3
P√¢te d'arachide,Dakatine,8.4
Pain complet aux flocons d'avoine les cr√©ations 500g,"Chabrior, Intermarch√©, Les creations",6.8
Crackers Emmental Graines de Courge,"Bio Village, Marque Rep√®re",10.0
Pur√©e,"Carrefour BIO, Carrefour",8.1
Capsules NESCAFE Dolce Gusto Cappuccino Extra Crema 16 Capsules,"Nestl√©, Dolce gusto, Nescafe",12.9
Salade de boulgour aux cranberries noisettes,Pierre Martinet,10.8
Galette de mais,"U, U Bio",5.1
Extra Moelleux complet 500g,"Chabrior, Intermarch√©",7.9
Porcini Mushroom and Ricotta Tortelloni,Italiamo,5.3
Pan multifibras,Mercadona,6.7
Pois chiches au sel de Noirmoutier,"Carrefour BIO,Carrefour",7.4
Knusprige Haferfleks Klassik,K√∂lln,7.5
Chips de lentilles aux petits oignons,Jardin bio,5.5
Avellana tostada 0% sal a√±adida,Hacendado,9.4
NESTLE NESQUIK Cerealien,Nestl√©,9.3
Protein Bar Muscle Mass,Bodymass,8.7
,"Chocapic,Nestl√©",7.7
Biscotti colcuore ricchi di fibre,Galbusera,10.0
Mix cereales 0% az√∫cares a√±adidos,Esgir,7.13
Lizi's,Granola Low Sugar Nuts & Seeds,9.7
Cacao soluble 0% az√∫cares,Hacendado,24.0
Skyr & C√©r√©ales,Siggi's,9.0
Chocapic Nestl√©,Nestl√©,7.7
Savane tout choco,Brossard,9.3
Scottish Seeded Oatcakes,Rivercote,10.1
Cacao & Almond Oat Bar,Deliciously Ella,5.1
Chickpeas in water,Sainsbury's,9.9
Fruit Slices - Forest Fruits,Go Ahead,6.5
Carb Balance Flour Tortilla Wraps,Mission,17.0
Milled flax seeds,Tesco,31.0
Chocolat instantan√© en poudre,Ethiquable,20.0
Sweet Potato Pakora,The deli,6.2
Oatcakes,Asda,13.0
Old Bay Seasoning,,11.8
Sweet & Salty Peanut Butter,Pip & Nut,7.9
Beurre de Cacahu√®te Creamy,,7.8
Avena molida,Hacendado,10.0
Chocolate and Hazelnut,FulFil,61.0
Pr√©paration en poudre pour boisson cacaot√©e,Colacao,7.8
Dino Fruit Bars. strawberry and banana,The Foodie Market,13.5
Biscuits son d'avoine,Gerbl√©,10.0
Quaker Cruesli 3 chocolats,"Cruesli, QUAKER",9.1
Chips lentilles,"Jardin Bio √©tic,Jardin bio,L√©a Nature",5.5
4 graines grill√©es sans sel ajout√©,Daco Bello,12.8
Petit Beurre Nature sans sucres,"Kar√©l√©a, L√©a Nature",5.2
Chocolat noir d√©gustation 72% de cacao Tablette de 100g,U,11.0
Les galettes BOULGOUR DE RIZ &LENTILLES LEGUMES & COLOMBO,C√©r√©al Bio,6.9
Stylesse Chocolat Noir,Carrefour,5.6
Biscottes aux 6 c√©r√©ales x36,"Chabrior, Intermarch√©",6.2
Chips nature Maxi Format,"Marque Rep√®re, Pom' Lisse, Pom'Lisse",5.2
Pain sp√©cial Vollkornbrot au seigle 500g,U,9.1
Tartine croustillante seigle paquet de 250g,U,17.0
Delicate Crisp Rosemary & Sea Salt,"Wasa, Wasa - Tasty Snacks",10.0
Cacahu√®tes grill√©es √† sec,Alesto,10.4
Chocolat noir √† p√¢tisser Tablette de 200g,U,8.3
Flocons d'avoine sans gluten,Grillon d'Or,10.0
Croc' Tout Choc √† la p√¢te √† tartiner,Lucien Georgelin,7.0
Cacahu√®tes Grill√©es et Sal√©es,"Marque Rep√®re, Tokapi",8.8
Granola,One Day More,9.7
Beerenm√ºsli,"Alnatura, Alnatura GmbH",9.4
Pain de mie grandes tranches complet,epid'or,5.7
Extra original,Kellogg's,5.7
Pindakaas,Calv√©,6.6
Tartines croustillantes au seigle et s√©same,Bio Village,14.0
Pipas fritas peladas,Hacendado,8.1
Chocolat 100% R√©publique Dominicaine,Alter Eco,15.0
Pindakaas Stukjes Pinda,Calv√©,6.66666666666667
fat reduced cocoa powder,"belbake, lidl",31.0
Amandes grillees,"Marque Rep√®re, Couleurs vives",12.0
Pistachios Roasted & Salted,Alesto,7.6
Nachos Tex-Mex,Hacendado,5.4
All Natural Nut Bar,2KEEP,9.0
Dattes Deglet Nour,"Lidl, Alesto",7.3
Gluten Free Oats Orange,Gull√≥n,7.0
Petits Pains Grill√©s complet sans sucres ajout√©s*,Auchan,7.6
Tropical Fruits Granola,Tesco,6.9
Le croustillant chocolat noir & fruits rouges,Bjorg,10.0
Cocktail tostado ahumado,Hacendado,8.5
,Walkers,6.5
Organic Peruvian 70% cocoa dark chocolate,"Aldi,Moser Roth",9.3
Tortilla Wraps Carrot,Vermondo,6.0
Crousti'Express la classique,Findus,6.0
8 Meat Free Sausages,Richmond,6.4
Tropical Fruits Granola,Harvest Morn,6.8
Beurre de cacahu√®tes,Calv√©,6.6
NOIR 80% Cacao Equateur,"Carrefour BIO, Carrefour",14.0
Crousti p√©tales chocolat noir bio,BJORG,8.4
Pecan&almond muesli crunch,Dorset cereals,7.6
Like Chicken,Like Meat,5.9
Salt And Vinegar Flavour Peanuts,KP,8.4
Special Classic Maxi,Kellogg's,6.0
Coconut & Chia Oat Biscuits imp,Nairn's,8.7
Strong Wholemeal Bread Flour,Belbake,9.0
Fruit Muesli,Tesco,7.4
Shredded Wheat'n Bran,"Post Consumer Brands, Post",7.98
Red kidney beans in water,Lidl,6.0
Superseed soft suite farmhouse,Sainsbury's Taste the difference,5.6
"Snack balls figues, graines de chia, noix",Vemondo,21.0
Granola High Protein Peanut & Oat,Marks & Spencer,7.0
Pane proteico,"Grafschafter, Lidl",8.8
vegan Curry aufschnitt,R√ºgenwalder M√ºhle,6.4
Proper Corn Sweet Popcorn,Proper Corn,11.0
Thick-cut Filet,Juicy marbles,5.9
Takis Queso Volcano 100g,Barcel,8.5
Doritos saveur Barbecue,Doritos,5.7
Galettes √©peautre,"Carrefour BIO, Carrefour",11.0
Bio biscuits √† l'avoine,Sondey,7.9
M√©lange de fruits secs,LIDL,8.5
High protein milk chocolate crisp,Fincarre,6.3
B√©n√©nuts cacahu√®tes grill√©es & sal√©es,B√©n√©nuts,7.7
Amandes d√©cortiqu√©es,B&S,12.0
Burger creation graines x4 260g,Jacquet,5.3
Pur√©e amande compl√®te,Jean Herv√©,12.0
Lentilles vertes,"Marque Rep√®re,Notre Jardin,Scamark (Filiale E. Leclerc)",23.0
Biscuits aux p√©pites de chocolatüç´noir et au lin,bjorg,5.3
Coquillettes Bl√© complet,Carrefour,6.0
Chocapic,Nestl√©,7.7
Chocolat noir √† la pointe de sel,J.D. Gross,6.4
Haricots blancs √† la tomate,Freshona,5.3
Haricots Rouges,Saint eloi,6.4
,"Barilla, Gran Cereale",8.2
Poudre de cacao cru BIO et EQUITABLE(sans sucre) - sachet,"ETHNOSCIENCE, Ecoid√©es",27.7
Biscottes,Sch√§r,8.1
avoine chocolat,"Kar√©l√©a, L√©a Nature",6.9
Flageolets extra fins d'aucy 530g,D'aucy,5.9
Desayuno integral,Florb√∫,9.9
Croustillant chocolat,"Carrefour BIO, Carrefour",8.7
Pan de pipas Girasol y Calabaza,Lidl,9.5
Wholegrain bran flakes,Waitrose,12.9
Erdnussbutter,Jeff's,6.4
Chilli,Doritos,5.5
Amandes grill√©es,Trader Joe's,12.0
Granola con Avena,Kellogg's,10.0
Cocktail sans sel ajout√©,Carrefour,6.4
Ciruelas desecadas sin hueso,Fundo Sofruco,7.1
Oat Crisp,Quaker Oats,15.0
Berry Granola,Waitrose,7.8
Patatas fritas sabor campestre,Hacendado,5.1
Bran Flakes,Asda,16.0
Milled Organic flaxseed,Linwoods,24.0
Haricot Beans In Water,Tesco,6.1
Seeded Sourdough Flatbreads,Peter's Yard,6.6
Borlotti Beans in water,Tesco,6.9
Gronola,Stockwell,7.5
Blueberry RXBAR,RXBAR,6.0
Red Kidney Beans in water,,6.8
Love corn smoked bbq imp,Love Corn,7.0
Chilli Con Carne Recipe Mix,Colman‚Äôs,8.7
Peanut Butter Dark Chocolate Chewy Bar,Nature Valley Protein,6.0
Sea Salt Chocolate,Moser Roth Aldi,5.2
Giant buttons,Montezuma‚Äôs,13.0
Apple & Cinnamon Porridge Oat Bars,"Crownfield, Lidl",7.0
arachides grill√©es,alesto,8.6
Bread Flour Country Grain,,11.0
dried mango,Tesco,6.7
Crema di arachidi,"Eurospin, Mister Sibamba",6.0
Oaties,Nairn's,5.9
Cocoa vanilla flapjack,Graze,17.0
High Bran,Asda,26.0
Thai Massaman Curry,BOL,23.9
Chips,,5.6
"Tofu cuisin√© tomate, Mozzarella et basilic",C√©r√©al Bio,5.6
Medjool Dates,Tesco,7.0
Pan de molde 100% natural integral,Bimbo,6.1
Muesli aux Graines Gourmandes,"Jardin bio, L√©a Nature",13.0
Muesli croustillant 3 chocolats,U,7.6
Muesli croustillant,FAVRICHON,7.4
Crackers Emmental & pipas de calabaza,Carrefour BIO,13.0
NESTLE LION C√©r√©ales 750g,"Nestl√©, Lion",5.8
Galette ma√Øs chocolat au lait,Gerbl√©,7.05128205128205
Crackers Ap√©ritif Bl√© Complet,"Heudebert, LU, Mondelez",7.0
Les Pains complets - Seigle aux graines de lin,C√©r√©al Bio,11.0
Salade √† la mexicaine,Petit navire,10.0
Chocolat Noir P√©pites,Vahin√©,8.8
Velout√© lentilles corail,Picard,5.7
Chocolat noir intense d√©gustation,Alter Eco,8.0
P'tit D√©j - Biscuits napp√©s de chocolat au lait,BN,5.1
Haricots rouges d'aucy 500g,D'aucy,6.5
Choco fundir 0% az√∫cares a√±adidos 70% cacao,Hacendado,9.7
Chocolat noir dessert bio,"Bio Village, Marque Rep√®re",9.2
Wraps,Sch√§r,9.3
Choko noir,Noiseraie,7.8
Savane familial chocolat noir,Brossard,6.6
Haricots blancs √† la tomate,Carrefour,6.4
Granetti integrali,"Barilla, Mulino Bianco",10.0
Receta Campesina,Lay's,6.3
Pur√©e d'amandes compl√®tes,"U,U Bio",8.7
Fasola bia≈Ça w sosie pomidorowym,Freshona,5.9
Brown rice cake,Rice Up!,8.1
Honey Hoops,"Crownfield, Lidl",7.7
Apfel,"Marks & Spencer, Marks And Spencer, Pink Lady",9.7
,Sant√©,9.9
Flocons d'Avoine,"AUCHAN, Auchan Bio",10.0
Galleta crocant con copos de avena zero,Gull√≥n,14.0
CRANBERRY COIL & CHOCOLATE PROTEIN BAR,GO ON,9.0
Chocotom,Tom,7.55
Jumbo Scottish Oats,Mornflake,11.4
Scottish Seeded Oatcakes,Aldi,10.0
Pumpkin Seeds,"Alesto ( Lidl ), Lidl",9.7
Torti au bl√© complet,Panzani,5.5
Cracker salati con lievito madre mulino bianco,Mulino Bianco,8.3
Barrre de c√©r√©ales chocolat noir,Crownfield,5.7
Porridge Oats,Essentials Waitrose & Partners,9.1
Tahini,Waitrose,7.9
C√©r√©ales Muesli croustillant chocolat noir paquet 500g,U,8.4
Chickpeas,Asda,7.1
Muesli croustillant chocolat,"Bio Village, Marque Rep√®re",7.3
Superfood Oat Bites Cocoa & Orange,Lidl,18.0
Barre de son d'avoine et amandes,"Auchan, Sant√©",26.0
Reduced Sugar & Salt Baked Beans,Sainsbury's,5.9
Lebanese Style Falafel,Al'Fez,11.0
Robust Rye Bread,M&S,5.6
Roasted & Salted Peanuts,Simply...,8.0
pasta,By sainsbury's,10.6
Whole wheat fusilli,Cucina,7.2
Merchant Gourmet,,6.4
M&S Muesli Totally Nuts,Marks & Spencer,13.3
Flocons d avoine,Marjane,10.5
Berry Burst Gluten Free Granola,Bio & Me,15.2
Finest Sea Salt And Black Pepper Crisps,Tesco finest,5.2
Cranberries,Alesto,5.2
Carrot cake bars,Bear,14.0
Granola Nuts & Seeds,Lizi's,5.9
Extra virgin olive houmous,Lidl,7.3
Granola superberry,Crownfield,7.2
Nuez troceada,Hacendado,5.9
Tortillas de Ma√≠z,Hacendado,7.6
Biscuit moelleux pomme saveur framboise,Gerbl√©,5.6
Speculoos sans sucres,"KAR√âL√âA, L√©a Nature",7.2
Chocolat noir pour pr√©paration p√¢tissi√®re,"Nestl√©, Nestl√© dessert, Tablettes",7.3
Biscottes √† la farine compl√®te,Le Moulin du Pivert,9.2
C√©r√©ales Muesli croustillant au chocolat au lait 500g,U,6.4
NESTLE LES RECETTES DE L'ATELIER - Carr√©s d√©gustation Chocolat noir 70% - 210g,"Nestl√©, Les recettes de l'atelier, Les recettes de l'atelier les carres",10.9
GRISSINI LIGHT* S√©same,Carrefour,5.3
Pruneaux d'Agen,Saveurs de nos R√©gions,7.0
Les croustillantes Seigle,"Marque Rep√®re, √âpi d'Or",16.0
PENNE RIGATE Bl√© complet,Carrefour,6.0
Haricots blancs,Freshona,5.4
Chocolat Noir 70% Bio,Kaoka,12.3
Chocolate negro con almendras caramelizadas,"Carrefour BIO,Carrefour",11.0
Lentilles cuisin√©es graisse canard,Cassegrain,5.8
Crunchy Muesli Choco & Nuts,"Crownfield, Lidl",6.6
Krounchy too chocolat,Grillon d'Or,8.5
Chocolat Villars Noir 70% Sans sucre ajout√© 100g,Villars,16.0
Carr√©s Noir Noisette,"C√¥te d'Or, Mondelez, Mondelez International",7.4
Chicor√©e torr√©fi√©e en grains,Leroux,39.4
Vegetable crisps,"Crusti Croc, Snack Day",9.1
Pois chiches,Saint eloi,6.2
Pistaches grill√©es √† sec,"Marque Rep√®re, Tokapi",8.6
Pipas GIGANTES CON SAL,Hacendado,8.1
"M√©lange Quinoa, courgettes, carottes","Carrefour BIO, Carrefour",6.2
Cracker integrali,"Barilla, Mulino Bianco",11.0
Pur√©e de noisettes grill√©es,Damiano,6.4
,Hacendado,11.0
Mr. Tom Peanuts in Caramel,Mr. Tom,5.7
Pestki dyni,Alesto,5.6
Taboul√© √† l‚Äôavocat,Pierre Martinet,10.3
Wraps int√©gral Bl√© complet,Mission,9.8
Bio Lentilles Corail,Golden Sun,5.9
,Gerbl√©,5.7
Pain tranch√© au seigle 500g,U,6.6
Biscuits charcuterie Chorizo,Michel Et Augustin,8.2
Ceci,"King‚Äôs Crown, Aldi",7.0
Pur√©e de noisettes,"Carrefour BIO, Carrefour",9.5
Falafels boulghour aux petits l√©gumes,Picard,12.0
Misura dolcesenza,Misura,9.5
√âminc√©s √† la m√©diterran√©enne,Heura,5.9
sante fit granola strawberry and cherry,Sante,13.0
Smooth Almond Butter,The Foodie Market,7.1
Granola Orzechowa,Nutrition sante,6.5
Biscuits √† l'avoine compl√®te et aux p√©pites chocolat bio 130g,"U, U Bio",7.8
Shreddies,Nestle,12.0
Erdnuss Butter Crunchy,"Lidl, Mister CHOC",6.4
Flacons d'avoine,marjane,10.5
Barre de c√©r√©ales pomme verte,Crownfield,5.4
Scottish Oats,Tesco,8.4
Le Croustillant Chocolat noir & Noisettes,Bjorg,8.0
"S√º√ües, Schokolade Edelbitter 90%","Aldi,ALDI Moser Roth,Moser Roth",14.0
Crispy Fruit Muesli,Alara,8.4
Mighty Oats Classic Muesli Fruit & Nut,Mornflake,8.4
Poppy seed & sea salt 245g,Wasa,21.0
Scottish porridge oats,Asda,9.3
Bran Flakes,Asda,16.0
Muesli croustillant Chocolat & Quinoa,Bio Village,7.2
SOFT BAKES Red Berries,belVita,7.2
Dark chocolate,Tesco,9.4
Crunchy Nut Granola Fruit Nut imp,Kellogg's,7.0
fruit splits raspberry & pineapple,bear,9.9
Houmous xxl,The Deli,5.5
Organic Protein + 50 Superfoods Protein Powder,Orgain,9.0
Crunchy Peanut Butter,Clif Bar,5.2
Sprouted Rolled Oats,One Degree Organic Foods,6.0
Multiseed Loaf,Sainsbury's Taste The Difference,5.9
Instant noodles chicken flavour,Make In Minutes By Aldi,6.0
Dark Chocolate Nuts & Sea Salt with Almonds & Peanuts,KIND,7.0
Red Kidney beans,Sainsbury's,7.1
Best of Both Thick,Hovis,5.6
Brown basmati,Lidl,5.1
Seeded Folded Flatbreads,By Sainsbury's,5.3
Cr√®me De Noisettes Grill√©es,"Cebon, El Mordjene¬Æ",9.12
strawberry fruit windups,Alesto,10.6
beeren crunchy,"DmBio, dm",7.1
Tempeh,Tiba Tempeh,6.5
Miele,"Nestl√©, Cheerios",9.1
P√¢te de s√©same,Maribel,10.1
Croustillant fibres,Bjorg,11.0
Fitness,Nestl√©,8.5
Pain 100% mie complet biologique,Harrys,7.7
Pur√©e amande compl√®te,Jean Herv√©,12.0
Bio Kn√§ckebrot,"Grafschafter,Ma√Ætre Jean Pierre,Bio Organic,Lidl",10.3
"Muesli noisettes, raisins, seigle complet, bl√© sans sucres ajout√©s","T&C Bio, Terres & C√©r√©ales bio",12.0
Vitality* Figue,Carrefour,6.7
Schokom√ºsli,K√∂lln,9.0
pain sp√©cial aux 5 c√©r√©ales et graines 500g,Neuhauser,6.9
Muesli simplement bienveillant,J FAVRICHON,12.0
Flocons 5 c√©r√©ales,Terres et C√©r√©ales Bio,11.0
Crackers √âpeautres 3 Graines,"Bio Village, Marque Rep√®re",9.3
P√©pites croustillantes 4 noix,"Aldi, Golden Bridge",9.7
NESTLE L'ATELIER Tablette Chocolat noir myrtilles amandes - 170g,"Nestl√© Les Recettes de l'Atelier, Nestl√©, Les recettes de l'atelier",8.9
Penne Rigate au bl√© complet,"Marque Rep√®re,Turini",7.5
Stylesse Fruits rouges,Carrefour,7.0
K√∂llnflocken,K√∂lln,11.0
Crackers emmental et graines de courge x8 - BIO,"Chabrior, Regain",11.25
Mikado Chocolat Noir,"Lu, Mikado",5.6
XXL thon oeuf crudites,Daunat,7.5
Silueta pan de molde integral sin corteza cereales,Bimbo,6.0
Chocolat lait commerce √©quitable,Ethiquable,7.9
Chocolat Noir 90% Bio,Kaoka,15.9
Hach√© v√©g√©tal fa√ßon Bolognaise,Tossolia,5.7
Milk chocolate lidl,"Lidl,Mister Choc",8.9
Das Pure Haferbrot mit √ñlsaaten,Aerzener,9.5
Baguette,schar,7.4
Muesli crujiente,Goldenbridge,11.0
72% Noir intense,"Auchan, Auchan Gourmet",11.0
Das Pure - Haferbrot mit 27% √ñlsaaten,"Aldi, Gold√§hren, Lieken",8.7
Peanut butter dark chocolate,Be Kind,7.1
Milka Choco grain,Milka,5.2
Penne Rigate Integrale,Barilla,8.0
Nesquik,"Nestl√©,Nesquik",9.3
Chocolat noir,"Fin Carr√©, Lidl",7.0
Jordans Country Crisp Chocolate,Jordans,5.8
Pure fruit yoyo raspberry,"Bear, Bear Nibbles",8.0
Soft apricots,Tesco,5.8
Fromage emmental & graines de courges,DR KARG'S,10.0
Nesquik,Nestl√©,7.7
Crema di nocciole,Euro Company,5.6
Original Popcorn,SkinnyPop,5.55555555555555
Fruity muesli,Sainsbury's,5.7
Chocolate negro,Nestl√©,7.1
Fruit Wheats,Harvest Morn,9.1
Ideal Aroma Caramel Flan,,10.6
100% Peanut Butter Smooth,M&S,10.1
Pur√©e d'amandes compl√®tes bio,Maribel,11.0
Urban Fruit Dried Strawberries,Urban Fruit,6.1
Cocoa,Food Thoughts,31.0
American Style Erdnusscreme Creamy,K-Classic,8.4
Manomasa,Manomasa,9.5
Lavache qui rit light 8p,la vache qui rit,26.0
Panach√© Jibal,Jibal,7.0
Tortilla Chips,Lidl,5.7
Spaghetti integral,Hacendado,10.0
Smooth Peanut Butter,Asda,8.3
Skinny Whip Mint,Skinny,23.0
No meat mince,Plant Pioneers,5.1
lively lemon oat boosts,,16.0
mirtillini,Mulino Bianco,8.5
paprika,Doritos,6.0
Mezcla de semillas,Hacendado,13.0
Flocons d'avoine Bio,Jordans,7.9
Crunchy Toasts Seigle complet & s√©same,Carrefour,18.0
Pain de mie Grandes tranches Complet,"Marque Rep√®re, √âpi d'Or",6.8
Crackers Espelta 3 semillas,"Carrefour BIO, Carrefour",13.0
Muesli 5 c√©r√©ales nature,"Carrefour BIO,Carrefour",12.0
Muesli prot√©in√© soja & fruits,J FAVRICHON,7.2
NESTLE MIX C√©r√©ales 190g,"Nestl√©, Mix",6.0
Pruneaux d'Agen D√©noyaut√©s,Ma√Ætre Prunille,7.9
Pav√© complet 350g,Jacquet,6.3
Noir noisettes entieres,"Carrefour,Carrefour Extra",8.2
Pain de mie farine compl√®te sans croute,Mannapain,5.6
Flocons d'avoine compl√®te BIO 500g,Chabrior,11.0
Pomme,Carrefour,17.0
Sp√©cial matin sarrasin fibre,"Ekibio,Le Pain des Fleurs",7.4
Crunchy Baked Granola Original,quaker,6.7
Poulain noir extra,Poulain,7.1
Lentilles Corail Top Chrono,Carrefour,18.0
Hobbits kernig,"Bahlsen, Brandt",5.3
D√©li matin,"Marque Rep√®re, P'tit D√©li",8.4
Puree de sesame Bio,Jardin bio,9.2
CROCKS Go√ªt CHOCO-NOISETTE,"Carrefour, Xtrem",6.3
Chocolat noir extra,Ethiquable,8.2
Pan Maispaniermehl,P.A.N.,5.1
Dinkel gepufft-mit Honig,"Alnatura, Alnatura GmbH",6.7
Schoko M√ºsli,"Alnatura, Alnatura GmbH",8.4
Chocolat noir orange confite,Ethiquable,8.2
Peanut butter,Just Loading,9.4
Salted Caramel Bar,Nakd,5.3
Sans gluten et sans lactose,Wasa,7.0
Bio-Haferflocken Vollkorn zart,Gut Bio,10.0
Brot Mein Knusperbrot Roggen,Leicht & Cross,10.0
Levure malt√©e,MARKAL,27.0
Tablette de chocolat 85% de cacao,Grain de Sail,19.0
crunchy muesli cookies,Sondey (Lidl),5.7
O azucar,Nocilla,12.0
Ciabatta,Sch√§r,6.8
CACAHU√àTES GRILLEES SALEES,CARREFOUR CLASSIC',8.5
Formelle Frumento Integr. c/Vitamine e Ferro,Weetabix - Conad,10.0
Extra frutta e frutta secca,Kellogg's,7.11111111111111
Kellogg's All-Bron Natural,Kellogg's,11.0
,Sante,11.0
Protein Mix mit N√ºssen & Sojabohnen,"Alesto, Lidl",11.3
Girasoli Potiron & Petits Oignons Grill√©s Plaisir du Primeux,Rana,6.8
Mozartkugeln Marzipan Pralines,"J.D. GROSS, LIDL",5.2
"Protein Granola - hazelnut, almond, chocolate",Protein Go on,20.0
Beurre de cacahu√®tes Extra Crunchy,Go Nuts,8.6
Smooth Almond Butter,Meridian,12.0
Wei√üe Bohnen,Freshona,6.6
Multi Grain Hoops,Essential waitrose,9.4
Vitalis,"Dr. Oetker, Cameo",6.9
fruit and fibre,Kellogg's,8.8
honey spelt puffs,Rude health,8.2
Classic Houmous,delphi,7.4
Crunchy peanut butter,Lidl,8.4
corn muffin mix,JIFFY,6.0
Seedlip Slices x8,The Heart of Nature,10.8
Crunchy,Nature Valley,6.1
Mini biscote 100% integral,Hacendado,10.0
Popcorn Himalayan Pink Salt,LesserEvil,8.0
Carrot Cake Soft Oaty Bars,Organic Mamia,8.1
nairns dark chocolate chip oat biscuits,Nairn‚Äôs,6.7
Peruvian Dark Chocolate,Asda,11.0
